1;0;2284;961;19;57
1;1;2336;963;14;46
1;9;2121;968;13;41
1;2;2441;957;21;70
1;4;2719;957;20;59
1;3;2512;963;22;62
1;6;2879;949;24;54
1;7;843;966;29;70
2;0;2284;961;19;57
2;1;2336;963;14;46
2;9;2121;968;13;41
2;2;2441;957;21;70
2;4;2719;957;20;59
2;3;2512;963;22;62
2;6;2879;949;24;54
2;7;846;966;26;70
3;0;2284;961;19;57
3;1;2336;963;14;46
3;9;2119;968;15;41
3;2;2441;957;21;70
3;4;2719;957;20;59
3;3;2509;965;24;58
3;6;2879;949;24;54
3;7;846;969;28;67
4;0;2284;961;19;57
4;1;2336;965;14;44
4;9;2119;968;15;41
4;2;2439;957;25;70
4;4;2716;957;21;59
4;3;2509;965;24;60
4;6;2879;949;24;54
4;7;846;966;28;70
5;0;2282;963;21;55
5;1;2336;965;14;44
5;9;2119;968;15;41
5;2;2438;955;23;72
5;4;2716;957;21;59
5;3;2509;965;24;60
5;6;2879;949;22;54
5;7;846;966;31;70
6;0;2282;963;21;55
6;1;2336;965;14;44
6;9;2119;968;15;44
6;2;2438;955;23;74
6;4;2716;957;23;59
6;3;2507;963;24;62
6;6;2879;949;22;54
6;7;848;966;33;70
7;0;2282;963;20;55
7;1;2336;965;13;44
7;9;2119;968;15;44
7;2;2438;955;23;74
7;4;2716;957;21;59
7;3;2509;965;20;59
7;6;2879;949;22;54
7;7;848;966;33;70
8;0;2282;963;20;55
8;1;2336;965;13;44
8;9;2119;966;15;41
8;2;2438;953;21;76
8;4;2716;957;21;59
8;3;2507;965;22;59
8;6;2879;949;22;54
8;7;848;966;33;70
9;0;2281;963;21;53
9;1;2336;965;13;44
9;9;2119;966;15;41
9;2;2438;955;21;72
9;4;2714;957;23;59
9;3;2509;965;18;59
9;6;2879;949;22;54
9;7;848;969;33;67
9;10;620;967;24;22
10;0;2281;961;21;55
10;1;2334;965;15;44
10;9;2119;966;15;41
10;2;2438;957;20;70
10;4;2714;957;23;59
10;3;2507;965;20;59
10;6;2879;949;22;54
10;7;848;969;33;67
11;0;2281;961;21;55
11;1;2334;963;15;46
11;9;2119;966;15;41
11;2;2438;957;20;70
11;4;2714;957;23;59
11;3;2507;963;20;61
11;6;2879;949;22;54
11;7;850;969;34;67
12;0;2281;961;21;55
12;1;2334;963;15;46
12;9;2119;966;15;41
12;2;2438;957;20;70
12;4;2714;957;23;59
12;3;2506;963;21;61
12;6;2879;949;22;54
12;7;850;969;34;67
13;0;2281;961;21;55
13;1;2334;963;15;46
13;9;2119;966;15;41
13;2;2436;957;22;68
13;4;2714;957;23;59
13;3;2506;963;21;61
13;6;2879;949;22;54
13;7;850;969;34;67
14;0;2281;963;21;53
14;1;2333;963;14;46
14;9;2119;966;15;41
14;2;2435;957;21;68
14;4;2714;957;23;59
14;3;2504;961;23;63
14;6;2879;949;22;54
14;7;850;969;34;67
15;0;2279;963;23;53
15;1;2333;963;14;46
15;9;2119;971;15;38
15;2;2435;959;21;66
15;4;2714;957;23;61
15;3;2502;959;25;65
15;6;2879;949;22;54
15;7;850;969;36;67
16;0;2279;963;21;53
16;1;2333;963;14;46
16;9;2117;966;17;41
16;2;2434;959;21;65
16;4;2714;957;23;59
16;3;2502;957;25;69
16;6;2879;949;22;54
16;7;853;969;33;67
17;0;2279;963;21;53
17;1;2333;963;14;46
17;9;2119;971;15;38
17;2;2435;959;20;64
17;4;2714;957;23;61
17;3;2502;957;25;67
17;6;2879;949;22;54
17;7;853;969;33;67
18;0;2279;963;21;53
18;1;2333;963;14;46
18;9;2117;971;17;38
18;2;2434;959;21;64
18;4;2714;957;23;59
18;3;2502;957;24;67
18;6;2879;949;22;54
18;7;853;969;36;67
19;0;2277;963;22;53
19;1;2331;963;15;46
19;9;2117;968;15;41
19;2;2434;959;21;65
19;3;2502;957;24;67
19;4;2714;957;23;59
19;6;2876;949;25;54
19;7;855;969;34;65
20;0;2277;963;22;53
20;1;2331;963;15;46
20;9;2117;968;15;41
20;2;2434;959;21;65
20;3;2502;957;24;67
20;4;2714;957;23;59
20;6;2876;949;25;54
20;7;855;969;34;65
21;0;2277;961;22;55
21;1;2331;963;13;46
21;9;2117;966;15;41
21;2;2432;957;21;67
21;3;2502;957;22;67
21;4;2712;957;25;61
21;6;2876;949;25;54
21;7;855;969;34;67
22;0;2277;961;22;55
22;1;2331;963;15;46
22;9;2117;966;17;41
22;2;2432;957;21;66
22;3;2504;955;22;69
22;4;2714;957;23;59
22;6;2876;952;25;51
22;7;858;971;31;65
23;0;2275;961;22;56
23;1;2331;963;15;45
23;9;2117;964;15;45
23;2;2431;955;22;68
23;4;2712;957;25;59
23;3;2502;957;22;67
23;6;2876;949;25;54
23;7;858;969;31;67
24;0;2275;961;22;56
24;1;2331;963;13;45
24;9;2117;966;15;41
24;2;2431;955;22;68
24;3;2504;957;20;67
24;4;2712;957;25;61
24;6;2876;949;22;54
24;7;858;969;33;67
25;0;2275;961;24;55
25;1;2331;963;15;46
25;9;2119;971;13;38
25;2;2432;957;21;66
25;3;2504;957;23;67
25;4;2712;957;25;61
25;6;2876;952;25;51
25;7;860;969;29;67
26;0;2275;961;22;58
26;1;2331;965;13;44
26;9;2117;968;15;41
26;2;2432;955;21;69
26;3;2504;959;22;65
26;4;2712;954;25;64
26;6;2874;949;24;54
26;7;858;969;31;67
27;0;2274;961;23;58
27;1;2328;965;14;43
27;9;2117;968;15;44
27;2;2431;957;22;67
27;4;2712;954;25;64
27;3;2504;961;22;63
27;6;2874;949;24;54
27;7;858;969;28;67
28;0;2274;961;23;58
28;1;2328;965;14;43
28;9;2117;968;15;41
28;2;2431;955;22;69
28;4;2712;954;25;64
28;3;2504;961;23;63
28;6;2874;949;24;54
28;7;860;966;26;70
29;0;2272;961;22;58
29;1;2328;965;14;43
29;9;2117;968;15;44
29;2;2431;955;24;69
29;4;2712;954;25;64
29;3;2504;959;23;65
29;6;2874;949;24;54
29;7;858;966;31;70
29;11;479;957;18;32
30;0;2272;963;22;56
30;1;2330;965;16;44
30;9;2119;968;13;41
30;2;2432;957;23;67
30;3;2504;959;23;65
30;4;2712;957;25;61
30;6;2876;949;22;54
30;7;860;966;29;70
30;11;479;956;18;33
31;0;2274;961;23;58
31;1;2331;965;15;44
31;9;2119;971;15;38
31;2;2434;955;22;70
31;3;2504;959;25;65
31;4;2712;957;25;61
31;6;2876;949;22;54
31;7;860;966;31;70
31;11;479;956;18;33
32;0;2272;961;22;58
32;1;2331;965;15;44
32;9;2119;971;15;38
32;2;2435;957;21;68
32;4;2712;957;25;61
32;3;2504;959;25;65
32;6;2876;952;22;51
32;7;860;966;31;70
32;11;479;956;19;33
33;0;2272;963;23;56
33;1;2330;965;16;43
33;9;2119;971;15;38
33;2;2434;955;22;68
33;4;2712;954;25;64
33;3;2504;959;25;63
33;6;2874;949;24;54
33;7;860;966;31;70
33;11;479;956;19;33
34;0;2270;965;25;54
34;1;2330;965;16;43
34;9;2119;971;15;38
34;2;2435;957;21;68
34;4;2712;957;25;61
34;3;2504;961;23;61
34;6;2874;949;24;54
34;7;860;966;31;70
34;11;479;956;19;33
35;0;2270;965;25;54
35;1;2330;965;14;43
35;9;2119;971;15;38
35;2;2435;957;21;68
35;4;2710;957;27;61
35;3;2504;959;23;65
35;6;2874;952;24;51
35;7;860;966;31;70
35;11;479;956;19;33
36;0;2269;963;25;54
36;1;2327;965;15;43
36;9;2119;971;15;38
36;2;2434;957;22;68
36;4;2710;954;25;64
36;3;2504;961;22;61
36;6;2874;949;22;54
36;7;860;966;31;70
36;11;479;954;19;35
37;0;2269;965;23;52
37;1;2327;965;13;43
37;9;2119;971;13;38
37;2;2434;957;22;68
37;3;2504;961;22;61
37;4;2710;957;25;61
37;6;2871;949;25;51
37;7;860;966;31;70
37;11;479;956;18;31
38;0;2269;967;23;50
38;1;2327;965;13;43
38;9;2117;971;15;38
38;2;2434;957;22;68
38;3;2504;961;22;61
38;4;2710;957;25;61
38;6;2871;949;25;51
38;7;860;966;31;70
38;11;479;952;18;34
39;0;2269;967;23;50
39;1;2327;965;13;43
39;9;2119;968;13;41
39;2;2434;959;22;66
39;3;2506;963;18;57
39;4;2710;959;25;57
39;6;2871;952;25;48
39;7;860;964;31;72
39;11;479;950;19;36
40;0;2269;967;23;50
40;1;2327;965;13;45
40;9;2119;968;15;44
40;2;2435;959;21;64
40;3;2506;961;18;61
40;4;2712;964;21;54
40;6;2871;952;25;48
40;7;865;964;31;75
40;11;479;952;19;32
41;0;2267;965;25;52
41;1;2327;965;15;43
41;9;2119;968;15;44
41;2;2436;959;20;64
41;3;2506;963;18;59
41;4;2712;959;23;57
41;6;2871;952;25;48
41;7;865;964;31;72
41;11;479;952;19;34
42;0;2267;965;25;52
42;1;2327;965;15;43
42;9;2119;971;15;38
42;2;2436;959;22;62
42;3;2506;963;20;59
42;4;2712;959;23;57
42;6;2871;949;25;51
42;5;2526;961;12;25
42;7;867;964;29;75
42;11;479;952;21;34
43;0;2267;963;24;54
43;1;2327;963;15;45
43;9;2119;971;15;38
43;2;2438;959;21;62
43;3;2506;961;21;61
43;4;2712;959;23;57
43;6;2871;949;25;51
43;7;867;964;29;75
43;11;479;952;21;34
44;0;2267;963;24;54
44;1;2327;963;15;45
44;9;2119;971;15;38
44;2;2436;959;25;62
44;3;2506;963;21;59
44;4;2712;957;21;59
44;6;2871;949;22;51
44;7;867;964;31;75
44;11;479;952;21;34
44;10;627;967;28;22
45;0;2267;963;24;54
45;1;2327;963;15;45
45;9;2119;971;15;38
45;3;2506;965;23;57
45;2;2438;961;23;58
45;4;2712;957;23;59
45;6;2871;949;22;51
45;7;867;964;31;75
45;11;479;954;21;35
45;10;629;967;26;22
46;0;2267;965;24;52
46;1;2327;963;16;45
46;9;2119;971;15;38
46;3;2504;965;25;57
46;2;2438;961;23;58
46;4;2712;957;23;59
46;6;2871;947;22;51
46;7;869;964;29;75
46;11;479;954;21;35
47;0;2267;963;22;54
47;1;2327;965;15;43
47;9;2121;971;16;38
47;3;2504;965;27;58
47;2;2441;959;23;61
47;4;2712;957;23;61
47;6;2871;947;22;51
47;7;869;964;29;75
47;11;479;956;23;32
48;0;2267;965;22;52
48;1;2327;963;16;45
48;9;2121;968;16;44
48;2;2439;961;25;60
48;3;2504;965;27;58
48;4;2712;957;23;61
48;6;2871;947;22;49
48;7;869;964;32;75
48;11;481;956;20;32
49;0;2265;965;22;50
49;1;2327;965;16;43
49;9;2124;968;13;44
49;2;2439;961;25;59
49;3;2506;965;25;58
49;4;2712;954;23;64
49;6;2871;947;22;49
49;7;872;964;29;77
49;11;481;956;20;33
50;0;2265;965;22;50
50;1;2327;965;16;43
50;9;2121;968;16;44
50;2;2439;961;25;60
50;3;2504;965;27;58
50;4;2710;954;25;64
50;6;2871;947;22;49
50;7;872;966;29;73
51;0;2265;965;21;52
51;1;2327;965;16;43
51;9;2121;968;16;41
51;3;2506;965;25;58
51;2;2441;961;23;60
51;4;2710;954;25;64
51;6;2871;947;22;49
51;7;872;966;29;73
52;1;2327;965;16;43
52;0;2263;965;23;52
52;9;2121;968;16;44
52;3;2506;963;25;62
52;2;2442;961;22;60
52;4;2710;954;25;64
52;6;2871;947;20;49
52;7;872;966;29;75
52;11;479;957;24;31
53;1;2327;965;16;43
53;0;2265;965;21;52
53;9;2124;968;15;43
53;3;2506;963;25;60
53;4;2710;954;25;64
53;2;2443;963;22;59
53;6;2871;947;22;49
53;7;874;966;29;75
53;11;481;957;24;31
54;1;2328;963;18;46
54;0;2265;965;21;50
54;9;2124;968;15;43
54;2;2445;963;20;61
54;3;2507;963;26;60
54;4;2710;957;25;61
54;6;2871;949;22;47
54;7;874;964;32;77
54;11;481;957;24;33
55;1;2330;963;16;45
55;0;2265;965;21;50
55;9;2124;971;15;38
55;2;2446;963;19;59
55;4;2712;957;23;61
55;3;2509;963;20;57
55;6;2874;949;19;47
55;7;874;964;32;77
55;11;482;959;24;31
56;1;2330;961;16;47
56;0;2263;965;18;51
56;9;2124;971;15;38
56;2;2448;961;18;61
56;4;2712;957;23;61
56;3;2511;961;18;57
56;6;2871;949;22;47
56;7;874;964;32;77
56;11;482;959;24;31
57;1;2330;961;16;47
57;0;2263;965;18;49
57;9;2124;966;15;41
57;2;2448;961;18;59
57;4;2712;957;21;61
57;3;2511;961;18;57
57;6;2871;949;22;47
57;7;877;964;31;80
57;11;482;959;24;31
58;1;2330;965;16;43
58;0;2263;965;18;49
58;9;2126;971;13;38
58;2;2449;961;19;63
58;4;2712;957;23;59
58;3;2511;963;18;55
58;6;2871;949;22;51
58;7;877;964;31;77
58;11;482;959;24;29
59;0;2263;965;16;51
59;1;2327;963;16;45
59;9;2124;968;15;41
59;2;2449;963;19;59
59;3;2511;963;18;55
59;4;2712;957;21;59
59;6;2871;952;22;48
59;7;877;964;31;77
59;11;482;959;24;29
60;0;2262;965;17;51
60;1;2327;965;16;43
60;9;2124;971;15;38
60;2;2449;963;19;61
60;3;2511;963;18;55
60;4;2710;959;18;57
60;6;2869;952;22;48
60;7;877;964;31;75
60;11;482;957;25;31
61;0;2262;965;15;51
61;1;2327;965;15;43
61;9;2121;971;16;38
61;2;2449;963;19;61
61;3;2511;963;18;57
61;4;2707;959;21;57
61;6;2869;949;22;51
61;7;879;966;34;73
61;11;482;957;24;31
62;0;2260;967;17;49
62;1;2327;965;15;43
62;9;2121;971;16;38
62;2;2449;963;19;61
62;3;2511;963;18;55
62;4;2707;959;19;57
62;6;2871;947;20;51
62;7;879;964;34;77
62;11;482;957;25;31
63;0;2260;965;17;49
63;1;2325;963;17;45
63;9;2119;966;18;41
63;2;2449;963;19;61
63;3;2511;963;18;57
63;4;2707;957;19;59
63;6;2869;947;22;49
63;7;879;966;34;75
63;11;482;957;25;31
64;1;2325;963;15;45
64;0;2260;967;15;49
64;9;2119;971;15;38
64;3;2509;963;20;55
64;2;2448;963;18;59
64;4;2705;957;21;59
64;6;2869;947;22;49
64;7;879;964;34;80
64;11;482;959;24;29
65;1;2327;963;13;45
65;0;2260;965;15;51
65;9;2119;966;18;41
65;3;2509;961;22;60
65;2;2449;963;19;61
65;4;2705;957;23;59
65;6;2869;947;22;46
65;7;881;964;32;80
65;11;482;959;25;29
66;1;2327;963;15;43
66;0;2260;965;15;51
66;9;2119;966;18;39
66;3;2509;961;22;60
66;2;2449;963;19;59
66;4;2705;954;23;62
66;6;2869;947;22;46
66;7;884;964;31;80
66;11;483;959;27;29
67;0;2260;967;15;49
67;1;2328;963;14;43
67;9;2119;964;20;45
67;3;2511;961;22;60
67;4;2705;954;25;62
67;2;2453;961;16;59
67;6;2869;947;24;46
67;7;886;966;29;75
67;11;483;959;29;31
68;1;2331;963;13;43
68;0;2260;967;15;49
68;9;2121;971;16;38
68;3;2514;959;20;62
68;2;2455;961;16;59
68;4;2705;957;28;59
68;6;2871;949;25;47
68;7;889;964;29;77
68;11;484;961;28;27
69;0;2260;967;15;49
69;1;2331;963;13;43
69;9;2119;964;18;45
69;2;2455;959;17;61
69;3;2514;959;22;60
69;4;2705;957;28;61
69;6;2869;952;27;46
69;7;889;966;29;75
69;11;484;959;29;29
70;0;2260;967;17;49
70;1;2331;963;15;43
70;9;2121;971;16;38
70;2;2456;957;18;65
70;3;2516;959;20;60
70;4;2705;957;28;61
70;6;2869;952;27;46
70;7;889;964;31;77
71;0;2260;967;17;49
71;1;2331;963;15;43
71;9;2117;966;22;43
71;2;2456;957;18;65
71;4;2703;957;30;61
71;3;2516;961;20;58
71;6;2869;952;27;48
71;7;889;964;31;77
72;0;2260;967;17;49
72;1;2330;963;16;43
72;9;2117;966;22;43
72;2;2455;957;21;65
72;4;2703;957;32;61
72;3;2516;961;20;58
72;6;2869;949;27;47
72;7;889;966;31;75
73;1;2331;963;15;43
73;0;2260;965;17;51
73;9;2117;966;22;43
73;2;2456;957;21;64
73;4;2703;957;32;61
73;3;2517;959;19;60
73;6;2869;952;29;46
73;7;891;964;32;77
74;1;2331;963;15;43
74;0;2260;965;17;49
74;9;2117;966;22;43
74;2;2456;955;23;66
74;4;2703;954;32;64
74;3;2517;959;21;60
74;6;2869;952;29;48
74;7;891;964;32;77
74;11;486;957;28;31
75;1;2331;963;16;43
75;0;2260;965;17;49
75;9;2117;966;22;43
75;2;2456;955;24;66
75;4;2703;957;30;61
75;3;2517;959;21;58
75;6;2871;952;27;48
75;7;894;966;36;75
75;11;487;957;27;31
76;1;2331;963;16;43
76;0;2260;965;17;49
76;9;2117;966;22;43
76;2;2458;955;22;66
76;4;2703;954;32;64
76;3;2517;959;23;58
76;6;2871;952;27;48
76;7;896;966;34;75
76;11;487;957;29;31
77;1;2331;963;16;43
77;0;2260;967;17;49
77;9;2117;966;22;41
77;2;2458;959;21;64
77;3;2517;957;21;64
77;4;2703;954;32;64
77;6;2874;947;22;49
77;7;896;966;34;75
77;11;488;957;28;31
78;1;2331;963;16;43
78;0;2260;967;17;49
78;9;2119;971;15;38
78;3;2517;957;21;64
78;2;2459;959;20;64
78;4;2703;954;30;64
78;6;2874;947;22;49
78;7;898;966;32;75
78;11;487;957;29;29
79;1;2331;963;16;43
79;0;2260;967;17;51
79;9;2119;971;15;38
79;3;2516;959;24;62
79;2;2461;959;19;66
79;4;2707;954;28;67
79;6;2874;944;22;52
79;7;898;966;32;75
80;1;2333;963;14;43
80;0;2260;967;17;49
80;9;2119;964;18;45
80;2;2462;959;20;62
80;3;2516;957;25;64
80;4;2707;954;28;67
80;6;2876;947;20;49
80;7;901;964;31;80
80;11;488;957;28;29
81;1;2333;963;14;43
81;0;2260;967;19;49
81;9;2119;964;18;45
81;2;2464;959;18;62
81;3;2516;959;27;62
81;4;2710;954;25;64
81;6;2876;947;20;49
81;7;901;964;34;80
81;11;486;957;31;33
82;1;2333;963;14;43
82;0;2260;965;19;51
82;9;2119;964;18;45
82;2;2465;961;18;60
82;3;2516;959;27;62
82;4;2710;954;25;64
82;6;2876;944;20;54
82;7;903;964;32;80
82;11;486;959;31;31
83;1;2333;963;16;42
83;0;2260;965;21;51
83;9;2119;964;18;45
83;2;2465;963;18;58
83;3;2516;959;27;62
83;4;2710;957;25;61
83;6;2876;944;22;54
83;7;903;964;32;80
83;11;492;959;28;31
84;1;2333;963;16;42
84;0;2260;965;21;51
84;9;2119;966;18;41
84;2;2466;963;17;56
84;4;2712;957;25;61
84;3;2517;963;26;58
84;6;2876;949;22;47
84;7;903;964;34;80
84;11;492;959;29;31
85;1;2333;963;16;44
85;0;2260;965;22;51
85;9;2119;966;15;41
85;2;2466;963;19;56
85;4;2712;957;23;59
85;3;2517;965;24;56
85;6;2876;952;25;48
85;7;903;964;37;80
86;1;2333;963;14;44
86;0;2260;963;21;53
86;9;2117;966;20;41
86;2;2466;961;17;60
86;3;2519;967;22;52
86;4;2710;954;25;62
86;6;2876;954;25;46
86;7;906;964;34;80
87;0;2260;963;21;53
87;1;2333;963;14;44
87;9;2117;966;20;41
87;2;2468;963;15;56
87;4;2710;957;25;59
87;3;2519;967;21;52
87;6;2876;954;27;44
87;5;2543;963;15;32
87;7;906;964;34;80
87;11;493;959;28;31
88;0;2260;963;21;53
88;1;2333;963;14;44
88;9;2117;966;20;41
88;2;2466;963;17;56
88;4;2710;957;25;61
88;3;2521;969;19;50
88;6;2876;954;27;44
88;5;2545;963;13;34
88;7;906;964;36;80
88;11;493;959;29;31
89;0;2260;963;19;55
89;1;2331;963;16;44
89;9;2117;971;15;36
89;2;2466;963;17;56
89;4;2710;957;27;61
89;3;2522;969;16;50
89;6;2876;954;27;44
89;5;2545;965;14;32
89;12;2511;955;10;30
89;7;908;964;34;80
90;1;2331;963;16;46
90;0;2260;963;19;55
90;9;2115;968;22;41
90;2;2466;963;17;56
90;4;2710;957;27;61
90;3;2522;969;16;50
90;6;2876;954;27;44
90;5;2545;965;16;32
90;12;2511;955;10;30
90;7;910;964;37;80
90;11;493;957;29;33
91;1;2331;963;16;46
91;0;2260;963;17;55
91;9;2115;966;19;41
91;3;2522;967;16;52
91;2;2466;963;17;56
91;4;2707;957;28;61
91;6;2876;954;25;44
91;5;2545;965;16;32
91;12;2509;955;12;30
91;7;913;964;34;80
91;11;493;957;29;33
92;0;2260;965;17;53
92;1;2331;963;15;45
92;9;2113;966;21;41
92;3;2522;967;16;52
92;2;2466;963;17;58
92;4;2705;957;28;61
92;5;2545;963;14;32
92;6;2876;952;25;48
92;12;2509;955;10;28
92;7;913;964;36;80
92;11;494;955;28;35
93;0;2260;965;15;53
93;1;2330;963;16;45
93;9;2110;971;22;38
93;3;2522;967;16;52
93;4;2705;959;28;57
93;2;2466;963;17;60
93;5;2545;965;14;30
93;6;2876;952;25;46
93;12;2507;955;12;30
93;7;915;966;34;78
94;0;2260;965;17;53
94;1;2330;963;17;44
94;9;2110;966;22;41
94;3;2522;967;18;52
94;2;2466;963;17;58
94;4;2705;959;25;57
94;5;2547;965;14;30
94;12;2507;955;12;30
94;6;2876;952;25;46
94;7;915;966;37;78
94;11;494;955;30;35
95;0;2260;965;15;51
95;1;2330;963;17;43
95;9;2108;968;24;37
95;2;2466;961;17;60
95;3;2524;965;23;52
95;4;2705;957;25;59
95;5;2549;961;12;32
95;12;2507;953;10;32
95;6;2876;949;25;47
95;7;918;964;34;80
95;11;496;955;29;35
96;0;2258;963;17;51
96;1;2330;963;16;43
96;9;2106;968;22;37
96;2;2466;959;17;60
96;3;2521;965;20;52
96;4;2705;957;25;59
96;5;2549;961;12;34
96;12;2506;955;10;28
96;6;2881;957;17;39
96;7;920;964;32;82
96;11;496;957;29;35
97;0;2260;963;17;49
97;1;2331;961;15;47
97;9;2110;966;16;41
97;2;2466;961;19;56
97;3;2526;965;19;52
97;4;2710;957;23;59
97;5;2549;961;14;32
97;12;2506;955;10;28
97;6;2884;957;17;39
97;7;920;964;34;82
97;11;500;959;28;33
98;0;2260;963;17;49
98;1;2331;961;15;47
98;9;2110;966;16;41
98;2;2466;965;20;53
98;3;2527;965;20;50
98;4;2710;957;25;59
98;5;2550;963;15;28
98;6;2884;957;17;39
98;12;2506;953;10;30
98;7;925;966;39;78
98;11;501;959;27;33
99;0;2260;963;17;49
99;1;2331;963;16;43
99;9;2110;966;16;41
99;2;2466;961;22;59
99;3;2527;965;20;52
99;4;2712;957;23;59
99;5;2552;963;15;30
99;12;2507;953;10;30
99;6;2881;949;22;47
99;7;928;969;36;75
99;11;502;959;29;34
100;0;2260;961;17;53
100;1;2331;963;16;43
100;9;2108;966;18;41
100;2;2466;961;22;59
100;3;2527;967;20;50
100;4;2712;959;23;57
100;5;2554;963;15;32
100;12;2507;955;10;28
100;6;2884;947;22;49
100;7;930;971;34;73
101;0;2260;963;17;51
101;1;2331;963;16;43
101;9;2110;973;16;34
101;2;2466;963;22;59
101;3;2529;967;18;50
101;4;2710;957;27;61
101;5;2554;965;15;28
101;6;2884;947;22;49
101;12;2506;953;10;32
101;7;930;964;37;82
102;0;2260;963;17;53
102;1;2331;963;15;43
102;9;2108;973;16;34
102;3;2529;965;18;54
102;2;2466;963;20;58
102;4;2710;957;27;61
102;5;2554;963;17;30
102;6;2879;949;27;47
102;12;2504;955;12;28
102;7;932;964;35;80
103;0;2260;965;17;53
103;1;2331;963;15;43
103;9;2104;968;22;42
103;3;2531;965;18;55
103;2;2466;965;22;57
103;4;2710;957;27;61
103;5;2556;965;15;28
103;6;2879;954;27;42
103;12;2504;955;12;28
103;7;935;964;32;80
104;0;2258;965;19;53
104;1;2331;963;15;43
104;9;2104;968;22;42
104;3;2531;965;18;52
104;2;2466;963;22;59
104;4;2707;959;30;59
104;5;2558;965;13;28
104;6;2879;954;27;42
104;12;2504;955;10;28
104;7;937;964;32;80
105;0;2260;965;17;53
105;1;2331;963;15;43
105;9;2102;968;24;42
105;3;2531;967;19;55
105;2;2468;961;22;61
105;4;2707;961;30;60
105;5;2559;965;13;28
105;6;2881;954;29;44
105;12;2504;955;10;28
105;7;937;964;32;78
105;11;507;955;28;97
106;0;2260;965;17;53
106;1;2331;963;15;43
106;9;2102;968;24;42
106;3;2531;965;19;55
106;2;2468;961;20;61
106;4;2705;959;32;62
106;6;2881;957;32;41
106;5;2561;963;11;30
106;12;2504;955;10;28
106;7;940;964;31;78
106;11;507;955;28;94
107;0;2260;965;17;53
107;1;2331;963;15;43
107;9;2102;968;24;42
107;3;2531;965;21;55
107;2;2468;959;20;63
107;4;2705;959;34;62
107;6;2881;957;32;43
107;5;2561;963;13;32
107;12;2504;955;10;28
107;7;945;966;34;73
107;11;509;955;28;94
108;0;2260;963;19;53
108;1;2331;963;16;43
108;9;2102;968;22;42
108;3;2531;963;23;57
108;2;2469;959;19;63
108;4;2705;961;34;60
108;6;2881;957;32;41
108;5;2561;963;15;33
108;12;2504;955;10;28
108;7;947;966;32;76
108;11;510;959;28;34
109;0;2260;961;19;55
109;1;2331;963;15;43
109;9;2102;968;17;39
109;3;2531;963;23;57
109;4;2705;961;34;60
109;2;2471;959;20;61
109;6;2881;957;32;41
109;5;2561;965;15;31
109;12;2504;955;10;28
109;7;949;966;30;76
110;0;2260;961;19;55
110;1;2331;963;16;44
110;9;2102;966;17;41
110;2;2472;959;19;61
110;4;2710;957;29;61
110;3;2536;963;22;55
110;5;2565;965;13;28
110;6;2884;957;29;41
110;12;2504;955;12;28
110;7;952;966;29;73
111;0;2260;959;19;57
111;1;2331;961;16;46
111;9;2102;966;15;42
111;2;2472;959;19;61
111;4;2712;957;27;61
111;3;2538;965;20;53
111;5;2565;965;15;31
111;6;2884;957;29;41
111;12;2504;955;10;28
111;7;954;964;30;78
111;11;512;961;31;32
112;0;2260;959;19;57
112;1;2331;961;16;46
112;9;2102;966;15;42
112;4;2712;957;27;59
112;2;2472;959;19;63
112;3;2538;965;20;53
112;5;2567;963;15;28
112;12;2504;955;10;28
112;6;2889;961;21;32
112;11;513;959;30;34
113;0;2262;961;17;55
113;1;2331;961;16;46
113;9;2102;966;15;42
113;2;2472;959;19;61
113;4;2714;954;23;62
113;3;2540;965;19;53
113;5;2569;963;15;28
113;6;2884;957;29;41
113;12;2504;955;10;30
113;7;962;964;29;77
113;11;514;959;30;36
114;0;2262;961;17;55
114;1;2331;961;16;46
114;9;2099;964;18;46
114;2;2474;961;17;59
114;3;2540;965;19;53
114;4;2716;954;21;62
114;5;2571;963;13;28
114;6;2889;959;21;34
114;12;2504;955;10;30
114;11;514;959;30;36
115;0;2262;961;17;55
115;1;2331;961;16;45
115;9;2099;964;18;46
115;3;2541;965;18;51
115;2;2476;963;15;57
115;4;2716;952;23;64
115;5;2572;965;14;29
115;6;2889;961;19;32
115;12;2504;955;10;28
116;0;2262;963;17;55
116;1;2331;963;16;43
116;9;2099;966;16;42
116;3;2541;965;20;53
116;4;2716;952;21;64
116;2;2476;963;15;57
116;5;2572;965;14;26
116;6;2881;954;29;44
116;11;517;959;30;34
117;0;2260;963;17;55
117;1;2331;963;16;43
117;9;2095;966;22;42
117;3;2541;963;20;53
117;4;2716;954;21;62
117;2;2476;963;15;59
117;5;2574;965;12;26
117;6;2881;954;29;44
117;12;2504;957;10;26
117;11;518;957;30;36
117;7;969;961;27;83
118;0;2260;963;17;55
118;1;2330;961;16;47
118;9;2095;966;15;42
118;3;2541;963;20;53
118;4;2714;954;25;62
118;2;2474;961;17;61
118;5;2574;965;12;26
118;6;2879;954;24;42
118;7;969;964;27;77
118;11;517;957;30;36
119;0;2260;961;17;57
119;1;2330;961;16;47
119;9;2095;964;15;46
119;4;2714;954;25;64
119;3;2543;963;20;53
119;2;2474;961;17;61
119;5;2574;963;14;29
119;6;2876;954;27;44
119;7;971;964;30;77
120;0;2258;961;19;57
120;1;2330;961;16;47
120;9;2095;971;13;39
120;4;2712;954;30;64
120;3;2543;963;20;53
120;2;2474;959;17;63
120;5;2574;965;14;27
120;6;2876;954;27;44
120;12;2501;957;11;26
120;7;971;964;30;77
121;0;2258;961;17;57
121;1;2327;963;16;45
121;9;2090;968;16;40
121;4;2712;954;30;64
121;3;2543;963;20;53
121;2;2472;959;19;65
121;5;2572;965;16;31
121;6;2879;954;24;44
121;12;2499;959;10;26
121;7;979;966;27;75
122;0;2258;963;17;55
122;1;2325;961;18;47
122;9;2090;966;16;42
122;4;2712;957;32;61
122;3;2543;965;18;51
122;2;2472;959;19;63
122;6;2876;954;27;44
122;5;2574;963;14;33
122;12;2499;959;10;26
122;7;981;964;27;77
123;0;2258;961;17;55
123;1;2327;961;16;47
123;9;2090;966;16;42
123;4;2712;954;34;64
123;2;2472;959;21;61
123;3;2547;963;16;53
123;5;2576;963;16;29
123;6;2879;954;24;44
123;12;2499;955;12;28
123;11;520;959;31;36
124;0;2258;961;19;55
124;1;2330;961;16;45
124;9;2088;964;18;44
124;4;2712;952;34;64
124;2;2472;959;22;61
124;3;2550;963;19;53
124;5;2578;963;16;29
124;6;2879;954;24;44
124;12;2501;955;10;28
124;7;986;964;27;77
124;11;520;959;33;36
125;0;2258;961;19;55
125;1;2330;961;16;45
125;9;2086;966;22;42
125;4;2714;952;32;64
125;2;2472;959;24;63
125;3;2550;963;19;53
125;5;2580;963;14;29
125;6;2879;954;24;44
125;12;2499;955;12;28
125;7;991;966;22;73
126;0;2260;963;17;53
126;1;2330;961;16;45
126;9;2084;966;24;42
126;4;2712;954;32;64
126;2;2472;961;22;63
126;3;2550;965;21;52
126;5;2580;965;14;27
126;6;2879;954;24;44
126;12;2499;955;12;28
126;7;991;964;24;77
127;0;2258;963;19;55
127;1;2330;963;16;43
127;9;2084;966;22;42
127;4;2712;954;34;64
127;3;2550;965;21;54
127;2;2474;963;22;61
127;5;2582;965;12;27
127;6;2879;954;22;44
127;12;2497;955;12;28
127;7;996;964;24;77
127;11;521;959;35;39
128;0;2258;965;17;55
128;1;2327;963;16;45
128;9;2084;971;22;39
128;4;2714;954;30;64
128;2;2474;961;20;63
128;3;2550;965;21;54
128;5;2582;965;12;29
128;6;2876;954;25;44
128;12;2497;961;10;24
128;7;998;964;22;77
128;11;522;959;34;37
129;0;2258;965;17;55
129;1;2327;963;16;45
129;9;2081;971;25;39
129;2;2474;961;20;63
129;3;2552;967;20;52
129;4;2714;957;30;61
129;5;2582;963;12;31
129;6;2876;954;25;44
129;12;2497;961;10;26
129;7;1001;969;22;77
129;11;527;959;32;37
130;0;2256;965;19;53
130;1;2327;963;15;45
130;9;2081;971;16;39
130;2;2474;963;20;61
130;4;2714;952;30;66
130;3;2552;965;20;52
130;5;2582;963;12;29
130;6;2876;952;25;48
130;11;527;959;32;37
131;0;2256;961;19;57
131;1;2325;963;17;45
131;9;2079;966;18;42
131;2;2474;961;19;61
131;4;2716;950;28;66
131;3;2550;963;22;54
131;5;2582;961;12;33
131;6;2876;952;22;46
131;11;527;959;32;37
132;0;2256;961;19;57
132;1;2327;963;15;43
132;9;2079;966;18;42
132;2;2474;959;20;63
132;3;2554;965;20;54
132;4;2719;950;25;66
132;5;2582;961;13;33
132;6;2876;952;25;48
132;11;528;959;31;37
132;7;1003;966;24;73
133;0;2256;961;19;57
133;1;2327;961;15;47
133;9;2079;966;18;42
133;2;2474;959;19;63
133;3;2554;965;22;54
133;4;2719;950;25;66
133;5;2584;961;13;33
133;6;2876;954;25;44
133;11;528;959;33;37
134;0;2256;963;19;55
134;1;2327;963;15;43
134;9;2079;964;16;44
134;2;2474;959;19;63
134;3;2556;965;18;52
134;4;2721;950;23;66
134;5;2584;961;13;35
134;6;2876;954;25;44
134;11;530;959;31;37
135;0;2256;961;19;57
135;1;2327;963;15;43
135;9;2079;966;16;42
135;2;2476;961;17;61
135;4;2719;947;25;69
135;3;2558;965;18;52
135;5;2586;963;11;33
135;6;2876;954;25;46
135;11;530;957;32;41
135;13;481;961;19;34
136;0;2256;963;19;55
136;1;2327;963;15;43
136;9;2077;966;18;42
136;2;2476;961;18;61
136;4;2721;950;23;66
136;3;2561;963;19;52
136;5;2586;966;13;30
136;6;2876;954;25;46
136;11;532;959;32;41
136;13;481;962;19;33
137;0;2256;963;19;55
137;1;2327;961;15;47
137;9;2077;966;18;42
137;2;2476;959;17;63
137;4;2721;952;23;64
137;5;2586;963;13;33
137;3;2563;965;17;48
137;6;2874;944;24;52
137;11;534;959;30;41
138;0;2256;963;19;55
138;1;2327;961;16;47
138;9;2077;966;16;42
138;2;2476;961;18;61
138;3;2563;963;19;52
138;4;2726;954;23;65
138;5;2588;966;11;24
138;6;2876;954;25;44
138;11;534;961;31;41
139;0;2256;963;19;55
139;1;2327;961;16;47
139;9;2074;966;19;42
139;3;2561;961;23;56
139;4;2723;954;28;65
139;2;2477;961;17;61
139;6;2876;954;25;44
139;5;2590;961;11;29
139;11;535;959;33;43
140;0;2256;963;18;55
140;1;2327;961;15;47
140;9;2074;966;19;42
140;3;2563;961;21;56
140;4;2721;954;32;65
140;2;2476;965;18;59
140;5;2590;963;11;27
140;6;2874;954;24;44
140;11;537;959;31;43
141;0;2255;963;19;55
141;1;2325;961;17;47
141;9;2074;968;16;38
141;3;2563;963;23;54
141;2;2476;963;18;61
141;4;2721;954;32;67
141;5;2590;963;11;29
141;6;2876;959;20;34
141;11;537;959;33;41
142;1;2324;961;16;47
142;0;2255;963;19;53
142;9;2072;968;16;38
142;3;2563;963;21;54
142;2;2474;961;19;63
142;4;2714;957;39;62
142;5;2590;963;11;33
142;6;2871;954;27;46
142;12;2493;959;9;28
142;11;537;957;33;45
143;1;2324;961;16;47
143;0;2255;963;19;53
143;9;2070;968;18;38
143;2;2474;961;19;63
143;3;2565;965;19;52
143;4;2716;957;35;62
143;5;2590;961;11;33
143;6;2876;961;17;32
143;11;537;957;33;45
144;1;2324;963;16;43
144;0;2255;963;19;55
144;9;2068;973;20;35
144;2;2474;959;19;63
144;4;2719;957;34;62
144;3;2567;965;19;52
144;5;2590;963;11;33
144;6;2869;954;29;46
144;11;538;959;34;45
145;1;2324;963;16;43
145;0;2255;961;19;57
145;9;2065;968;25;38
145;4;2721;954;32;67
145;2;2474;959;20;63
145;3;2569;963;17;54
145;5;2590;963;13;31
145;6;2869;954;27;44
145;11;540;959;32;43
146;1;2324;961;16;45
146;0;2255;961;19;57
146;9;2065;968;25;38
146;4;2723;954;30;67
146;2;2474;959;20;63
146;3;2572;963;16;54
146;5;2592;963;11;31
146;6;2869;954;29;44
147;0;2251;961;19;57
147;1;2324;961;16;47
147;9;2063;969;27;37
147;4;2726;954;27;65
147;2;2474;961;20;61
147;3;2571;963;17;54
147;6;2867;954;29;46
147;5;2592;961;11;33
147;11;543;959;30;45
148;1;2324;961;16;47
148;0;2253;963;21;55
148;9;2063;969;30;37
148;4;2730;954;26;65
148;2;2474;959;22;63
148;3;2574;965;20;51
148;5;2594;961;11;33
148;6;2869;954;27;44
149;1;2324;961;16;47
149;0;2253;965;21;53
149;9;2063;969;27;37
149;4;2733;952;23;64
149;2;2474;959;22;63
149;3;2574;963;21;53
149;6;2867;954;29;44
149;11;543;961;33;43
150;0;2251;963;19;55
150;1;2324;959;16;45
150;9;2061;969;25;37
150;4;2735;949;21;65
150;3;2574;963;23;53
150;2;2474;959;22;63
150;6;2867;954;29;44
150;11;543;959;33;45
151;0;2253;963;21;55
151;1;2324;961;16;47
151;9;2063;966;18;42
151;4;2735;949;21;65
151;3;2574;963;23;53
151;2;2474;959;22;63
151;6;2867;954;29;44
151;11;545;959;33;47
151;7;1032;969;29;79
152;0;2251;961;19;59
152;1;2324;961;16;47
152;9;2063;969;18;37
152;4;2735;949;21;67
152;3;2576;959;23;59
152;2;2474;959;23;63
152;6;2867;954;26;46
152;7;1035;969;28;78
152;11;545;959;35;48
153;0;2251;961;19;59
153;1;2324;961;16;47
153;9;2063;971;18;37
153;3;2578;963;23;53
153;4;2735;954;21;60
153;2;2476;961;23;61
153;6;2867;954;26;46
153;7;1035;966;31;81
153;11;545;959;36;48
154;0;2251;961;19;59
154;1;2324;963;16;45
154;9;2063;971;16;37
154;2;2476;961;21;61
154;4;2735;954;23;60
154;3;2580;963;21;55
154;6;2864;957;29;43
154;11;545;961;36;48
155;1;2324;963;16;45
155;0;2251;961;19;59
155;9;2063;971;16;37
155;2;2476;959;21;65
155;4;2735;954;25;62
155;3;2580;965;21;53
155;6;2864;957;29;43
155;11;547;959;36;48
156;1;2324;961;15;47
156;0;2251;961;19;59
156;9;2061;969;16;37
156;2;2476;959;21;65
156;4;2737;954;31;65
156;3;2582;963;19;55
156;6;2862;954;27;44
156;7;1042;969;31;78
156;11;547;959;36;48
157;1;2324;961;16;47
157;0;2255;961;19;59
157;9;2061;966;16;40
157;4;2739;957;29;62
157;2;2477;959;20;65
157;3;2586;963;21;53
157;6;2862;954;27;44
157;7;1044;969;31;76
157;11;548;963;35;46
158;0;2255;961;19;59
158;1;2324;961;16;47
158;9;2061;966;16;43
158;4;2739;957;31;62
158;3;2588;963;19;51
158;2;2477;959;20;63
158;6;2862;954;27;44
158;7;1044;969;36;76
158;11;548;959;36;48
159;1;2324;961;16;47
159;0;2255;963;19;57
159;9;2058;966;19;43
159;4;2739;954;33;65
159;3;2588;963;21;51
159;2;2477;959;20;63
159;6;2862;954;27;44
159;7;1047;966;35;81
159;11;548;961;36;50
160;0;2251;963;19;57
160;1;2324;961;16;47
160;9;2058;966;16;43
160;4;2737;954;35;67
160;3;2590;963;19;51
160;2;2477;959;20;63
160;6;2862;954;27;44
160;7;1049;966;33;81
160;11;548;961;36;50
161;0;2251;963;19;57
161;1;2324;961;15;47
161;9;2058;966;16;43
161;4;2737;952;35;69
161;3;2588;961;23;55
161;2;2477;959;20;65
161;6;2862;954;24;44
161;7;1049;966;36;81
161;11;550;959;36;54
162;0;2253;963;21;57
162;1;2324;961;16;47
162;9;2058;966;16;43
162;4;2737;954;35;67
162;3;2590;961;21;55
162;2;2477;959;19;65
162;6;2862;954;24;46
162;11;550;961;36;52
162;7;1054;969;35;78
163;0;2255;961;19;59
163;1;2324;961;15;47
163;9;2056;969;18;37
163;4;2739;954;33;65
163;2;2477;959;19;65
163;3;2592;961;19;55
163;6;2859;954;27;46
163;7;1056;971;33;76
163;11;551;961;35;52
164;0;2255;961;19;59
164;1;2325;961;15;45
164;9;2056;969;16;37
164;4;2742;954;30;65
164;2;2477;959;20;65
164;3;2594;961;17;55
164;6;2859;954;25;46
164;7;1056;966;36;81
164;11;550;959;38;56
165;1;2324;959;15;43
165;0;2255;961;19;59
165;9;2056;966;14;40
165;4;2744;952;28;65
165;2;2477;959;19;65
165;3;2594;961;17;55
165;6;2854;954;30;46
165;7;1059;966;30;83
165;11;548;959;40;56
166;1;2322;959;17;43
166;0;2251;959;19;61
166;9;2056;969;14;37
166;4;2744;949;28;68
166;2;2477;959;19;63
166;3;2595;959;18;57
166;6;2854;954;27;46
166;7;1059;966;33;83
166;11;548;961;40;54
167;0;2251;961;19;59
167;1;2322;959;17;45
167;9;2054;969;16;37
167;2;2476;959;20;63
167;4;2746;949;24;65
167;3;2595;961;18;58
167;6;2852;957;29;43
167;7;1061;969;31;80
167;11;548;959;40;56
168;1;2322;961;17;47
168;0;2255;961;19;59
168;9;2054;966;16;40
168;4;2746;949;24;65
168;2;2476;959;20;63
168;3;2599;961;20;56
168;6;2849;957;32;46
168;7;1063;969;31;78
168;11;548;957;41;58
169;0;2255;963;19;57
169;1;2322;961;17;45
169;9;2054;969;16;37
169;4;2749;949;23;65
169;2;2477;959;19;63
169;3;2599;963;22;54
169;6;2849;957;32;46
169;7;1066;969;33;80
169;11;555;959;36;56
170;0;2255;963;19;59
170;1;2322;961;17;47
170;9;2054;969;18;37
170;4;2749;949;23;65
170;2;2477;957;20;65
170;3;2599;961;26;58
170;6;2847;959;17;37
170;7;1066;966;33;83
170;11;555;959;36;56
171;0;2255;963;19;59
171;1;2322;961;17;47
171;9;2051;969;21;37
171;2;2477;957;20;67
171;3;2599;959;29;60
171;4;2749;949;26;65
171;6;2842;957;27;41
171;7;1066;966;33;85
171;11;555;959;36;56
172;0;2255;963;19;57
172;1;2322;961;17;45
172;9;2051;966;21;40
172;2;2476;957;21;65
172;4;2749;947;28;67
172;3;2601;959;27;58
172;14;2859;964;17;32
172;6;2842;961;17;32
172;11;553;961;38;54
172;7;1070;969;33;80
173;0;2256;965;19;55
173;1;2324;961;15;41
173;9;2051;969;21;37
173;2;2477;955;20;69
173;4;2749;945;30;69
173;3;2603;959;27;60
173;14;2857;964;19;32
173;6;2842;964;15;27
173;11;553;961;40;56
173;7;1073;969;32;80
174;0;2256;963;21;57
174;1;2324;961;16;45
174;9;2054;969;16;37
174;2;2477;955;22;71
174;4;2751;947;33;72
174;3;2609;961;27;56
174;6;2837;957;32;41
174;7;1075;969;30;82
174;11;553;961;38;56
175;0;2258;963;21;57
175;1;2324;961;16;43
175;9;2054;966;16;43
175;2;2477;955;22;71
175;4;2753;952;34;67
175;3;2613;961;25;56
175;14;2857;964;19;32
175;6;2830;954;27;44
175;7;1078;969;30;82
175;11;555;959;38;58
176;0;2260;961;21;61
176;1;2325;961;17;47
176;9;2054;966;16;43
176;4;2756;959;33;63
176;2;2479;955;20;71
176;3;2613;963;27;55
176;14;2854;966;22;30
176;6;2832;961;17;35
176;7;1080;969;30;82
176;11;555;961;38;58
177;0;2260;961;21;61
177;1;2325;961;17;47
177;9;2054;969;16;37
177;4;2756;959;31;58
177;2;2477;957;24;69
177;3;2617;963;25;52
177;14;2854;969;20;29
177;6;2830;961;17;35
177;7;1080;969;30;82
177;11;553;959;40;60
178;0;2262;961;19;61
178;1;2325;961;17;47
178;9;2051;966;14;43
178;4;2758;959;29;58
178;2;2479;957;20;69
178;3;2617;963;27;55
178;6;2825;957;27;46
178;14;2854;969;20;27
178;7;1082;966;30;87
178;11;553;959;40;62
178;13;484;964;33;52
179;0;2262;961;19;61
179;1;2325;961;17;47
179;9;2049;966;16;43
179;4;2758;959;26;58
179;2;2479;957;20;69
179;3;2623;963;25;53
179;6;2825;961;17;37
179;14;2849;969;20;27
179;7;1082;971;30;82
179;11;551;961;40;58
180;0;2262;961;20;63
180;1;2325;961;17;47
180;9;2049;966;16;43
180;4;2758;959;29;58
180;2;2479;955;20;71
180;3;2625;961;28;57
180;6;2823;959;17;39
180;14;2845;957;24;46
180;7;1082;971;30;84
180;11;550;961;39;60
181;0;2262;965;20;59
181;1;2325;961;17;47
181;9;2049;966;16;43
181;4;2756;959;31;58
181;2;2480;959;22;66
181;3;2628;963;27;55
181;6;2818;959;17;39
181;14;2845;964;22;34
181;7;1082;969;33;86
181;11;548;961;41;60
182;0;2265;963;21;58
182;1;2327;961;15;47
182;9;2049;966;16;43
182;4;2756;954;28;63
182;2;2482;959;19;65
182;3;2630;961;27;57
182;6;2818;959;17;39
182;14;2840;957;27;46
182;11;545;961;44;60
182;7;1082;971;33;84
183;0;2267;963;19;58
183;1;2327;961;16;43
183;9;2049;966;16;43
183;4;2756;949;28;70
183;2;2482;959;19;65
183;3;2640;964;21;54
183;6;2813;954;24;49
183;5;2621;966;15;29
183;14;2842;964;20;34
183;7;1087;971;30;84
183;11;545;961;44;60
184;0;2269;963;18;58
184;1;2330;961;14;45
184;9;2049;966;16;43
184;4;2756;957;28;60
184;2;2482;959;19;65
184;3;2642;964;19;54
184;5;2621;963;17;32
184;14;2840;964;22;34
184;6;2811;954;24;49
184;7;1087;969;30;86
184;11;547;959;39;64
185;0;2270;965;17;56
185;1;2330;961;16;45
185;9;2049;966;16;43
185;4;2756;949;28;70
185;2;2482;957;19;67
185;3;2646;964;19;57
185;5;2623;963;17;30
185;6;2811;954;24;49
185;14;2837;966;22;34
185;11;545;961;43;60
185;7;1089;973;30;80
186;0;2272;963;17;58
186;1;2331;961;15;47
186;9;2049;966;16;43
186;4;2756;947;28;70
186;2;2483;957;19;70
186;6;2811;952;24;51
186;3;2650;964;18;57
186;14;2837;964;22;36
186;5;2625;961;15;32
186;11;545;961;41;64
186;7;1092;973;27;84
187;0;2272;963;19;58
187;1;2331;961;15;45
187;9;2049;966;16;43
187;4;2753;952;31;67
187;2;2483;959;19;68
187;3;2653;964;21;55
187;6;2808;954;24;49
187;5;2628;961;16;36
187;14;2835;969;17;24
187;7;1092;973;30;80
187;11;541;961;45;64
188;0;2272;961;20;62
188;1;2331;959;15;45
188;9;2049;966;16;40
188;4;2753;954;31;65
188;2;2482;957;20;70
188;3;2653;964;26;55
188;6;2806;954;24;49
188;5;2628;966;16;29
188;14;2835;964;17;34
188;7;1092;973;30;82
188;11;541;963;45;64
189;0;2272;959;22;66
189;1;2331;961;16;46
189;9;2047;966;18;40
189;4;2753;957;29;60
189;3;2657;964;26;55
189;2;2483;959;21;68
189;5;2630;963;14;32
189;14;2832;961;20;37
189;6;2806;954;22;46
189;7;1092;973;30;84
189;11;541;965;43;64
190;0;2272;959;22;66
190;1;2331;961;16;46
190;9;2047;966;16;40
190;4;2753;957;29;60
190;2;2483;959;21;68
190;3;2657;961;30;58
190;5;2632;963;14;30
190;14;2825;957;22;46
190;6;2799;952;21;51
190;7;1092;973;30;82
190;11;541;965;42;63
191;0;2274;959;23;67
191;1;2331;961;18;46
191;9;2047;966;18;43
191;4;2753;957;29;60
191;2;2483;959;23;66
191;3;2657;959;35;60
191;14;2828;961;17;37
191;6;2796;952;24;51
191;5;2634;963;14;32
191;7;1092;971;30;84
191;11;540;963;41;63
192;0;2275;959;22;69
192;1;2333;963;16;42
192;9;2044;964;19;45
192;4;2753;954;31;60
192;2;2483;961;23;64
192;3;2665;964;31;53
192;6;2796;952;24;53
192;5;2636;961;14;37
192;14;2825;964;20;34
192;7;1094;971;28;84
192;11;538;963;40;61
192;15;479;968;21;59
193;0;2277;961;23;65
193;1;2334;961;15;44
193;9;2047;964;18;45
193;2;2485;961;22;64
193;4;2751;954;26;58
193;3;2672;961;26;52
193;6;2796;952;24;56
193;14;2823;966;19;37
193;5;2638;957;15;41
193;11;537;961;43;65
193;7;1094;973;30;86
194;0;2279;961;23;63
194;1;2334;961;16;44
194;9;2047;964;18;45
194;4;2751;957;26;57
194;2;2485;959;24;64
194;6;2794;954;26;54
194;3;2674;961;27;52
194;5;2638;959;17;36
194;14;2823;964;17;41
194;11;537;961;43;65
194;7;1094;973;30;84
195;0;2279;961;23;61
195;1;2336;961;14;44
195;9;2047;964;18;45
195;2;2485;959;24;66
195;3;2681;961;24;59
195;4;2751;961;24;53
195;6;2794;957;24;51
195;14;2818;959;19;49
195;5;2642;959;15;39
195;11;535;959;43;67
195;7;1096;973;28;84
196;0;2281;963;22;57
196;1;2336;963;16;42
196;9;2047;966;18;43
196;3;2685;961;22;61
196;4;2751;961;26;53
196;2;2485;957;26;70
196;5;2642;961;17;37
196;6;2796;964;19;39
196;14;2818;961;17;47
196;11;535;961;43;65
196;7;1096;971;28;81
196;16;479;969;21;58
197;0;2282;963;21;59
197;1;2336;963;16;42
197;9;2047;964;18;45
197;3;2690;964;20;54
197;4;2751;961;24;53
197;2;2485;957;26;70
197;5;2642;964;17;34
197;6;2791;959;27;49
197;11;534;959;42;65
197;7;1096;969;30;83
198;0;2282;963;21;61
198;1;2336;961;16;41
198;9;2047;964;16;45
198;2;2485;959;26;68
198;4;2749;961;26;53
198;5;2644;964;17;34
198;3;2694;959;20;56
198;14;2808;957;24;51
198;11;534;959;42;65
198;7;1099;969;27;83
199;0;2282;961;21;63
199;1;2342;961;14;40
199;9;2047;966;18;40
199;3;2698;964;23;54
199;4;2749;964;30;48
199;2;2491;961;23;64
199;5;2648;961;15;37
199;14;2808;954;24;51
199;6;2784;957;22;48
199;11;534;959;42;65
199;7;1099;969;29;88
199;16;479;956;19;67
200;0;2284;961;19;63
200;1;2342;961;14;40
200;9;2047;964;16;42
200;3;2698;964;28;56
200;4;2749;961;26;51
200;2;2491;961;23;64
200;5;2648;964;15;32
200;14;2806;954;24;49
200;6;2784;954;22;51
200;11;531;957;45;69
200;7;1099;971;29;86
201;0;2282;961;21;61
201;1;2342;961;14;40
201;9;2044;964;17;42
201;3;2698;959;32;61
201;4;2749;961;23;53
201;2;2491;963;21;62
201;5;2648;961;15;35
201;6;2784;961;15;39
201;7;1096;971;28;84
201;11;527;957;45;69
202;0;2282;961;20;61
202;1;2342;961;14;40
202;9;2044;964;17;45
202;3;2703;961;32;60
202;4;2749;961;23;51
202;2;2491;963;21;62
202;5;2650;961;15;35
202;6;2782;961;17;42
202;14;2803;961;17;39
202;11;524;957;48;69
202;7;1096;971;28;86
203;0;2282;961;21;63
203;1;2342;963;14;42
203;9;2044;964;17;42
203;3;2705;959;34;64
203;4;2749;961;23;51
203;2;2491;961;23;64
203;5;2650;961;18;37
203;6;2779;961;20;39
203;14;2803;957;17;46
203;7;1096;971;28;88
203;11;525;959;45;65
204;0;2282;961;21;65
204;1;2343;963;14;42
204;9;2042;964;21;45
204;3;2712;959;27;64
204;2;2493;963;21;64
204;4;2749;959;23;53
204;14;2796;954;22;51
204;6;2777;961;19;39
204;5;2653;961;15;35
204;7;1096;971;30;86
204;11;525;959;42;66
204;10;790;978;30;43
205;0;2282;965;23;59
205;1;2344;955;15;50
205;9;2042;961;21;48
205;3;2716;961;26;60
205;2;2494;965;22;63
205;4;2749;959;23;55
205;14;2794;957;24;51
205;5;2655;961;19;35
205;12;2483;955;11;30
205;7;1099;969;27;88
205;11;522;961;43;64
206;0;2282;965;23;59
206;1;2344;957;15;48
206;9;2042;961;21;48
206;3;2719;961;25;60
206;2;2494;967;22;59
206;5;2655;964;19;32
206;14;2799;959;14;46
206;4;2749;959;21;53
206;12;2483;955;11;30
206;6;2770;961;17;39
206;7;1096;971;28;86
206;11;518;961;49;64
207;0;2282;965;23;59
207;1;2344;955;16;50
207;9;2044;964;17;45
207;2;2496;967;21;59
207;3;2728;964;18;52
207;4;2749;959;21;53
207;5;2655;964;19;32
207;14;2791;954;24;51
207;12;2483;953;11;32
207;6;2770;961;17;39
207;11;518;961;44;66
207;7;1096;971;28;88
208;0;2282;965;25;59
208;1;2346;955;14;50
208;9;2044;964;19;45
208;2;2497;973;22;53
208;3;2733;964;18;55
208;5;2657;966;19;30
208;14;2789;954;26;51
208;12;2486;953;10;32
208;6;2763;959;26;48
208;11;516;959;43;68
208;7;1096;973;28;84
208;17;661;968;45;58
209;0;2284;965;26;60
209;1;2350;955;14;49
209;9;2044;964;19;45
209;2;2499;967;20;59
209;3;2733;957;23;59
209;5;2659;964;17;34
209;14;2789;952;24;53
209;6;2760;959;27;51
209;12;2486;953;11;34
209;11;516;959;43;68
209;7;1096;973;28;84
210;0;2282;963;28;62
210;1;2350;957;15;46
210;9;2044;964;19;42
210;2;2499;965;22;63
210;3;2735;957;28;59
210;5;2661;961;18;37
210;14;2787;954;26;53
210;12;2486;953;11;34
210;11;514;959;44;66
210;7;1096;973;28;82
211;0;2282;963;29;62
211;1;2350;955;17;49
211;9;2044;964;19;42
211;3;2742;959;28;55
211;2;2502;961;22;67
211;14;2787;952;26;53
211;5;2665;959;16;37
211;12;2486;953;11;32
211;13;429;968;43;107
211;11;512;961;46;64
211;7;1096;971;28;86
212;0;2281;965;30;60
212;1;2353;957;14;47
212;9;2044;964;19;42
212;2;2502;963;24;63
212;3;2744;959;33;58
212;14;2784;957;22;50
212;5;2665;961;16;33
212;12;2486;955;13;30
212;7;1096;971;28;84
212;11;510;961;48;65
213;0;2279;967;31;55
213;1;2353;961;15;45
213;9;2042;961;23;48
213;2;2504;963;22;61
213;3;2746;959;31;55
213;14;2784;957;22;53
213;5;2665;954;18;51
213;12;2486;955;13;30
213;7;1094;971;30;86
213;11;507;959;44;67
214;0;2275;961;40;62
214;1;2354;961;15;45
214;9;2042;964;23;45
214;2;2502;963;25;61
214;14;2787;957;16;50
214;3;2756;957;26;60
214;5;2668;954;15;44
214;12;2486;955;13;30
214;7;1092;971;32;88
214;11;506;959;42;67
215;1;2357;961;16;45
215;0;2277;963;39;60
215;9;2042;964;23;45
215;2;2504;965;25;57
215;3;2758;957;26;60
215;14;2784;959;22;48
215;12;2488;955;13;30
215;5;2672;961;15;35
215;7;1092;969;30;90
215;11;503;961;42;64
216;1;2360;963;16;41
216;0;2275;961;43;64
216;9;2042;964;26;42
216;2;2506;967;25;56
216;3;2763;957;24;60
216;5;2672;961;18;35
216;12;2490;955;11;28
216;14;2789;961;14;44
216;7;1094;969;30;90
216;11;500;961;45;63
217;1;2361;961;18;44
217;0;2275;963;41;58
217;9;2042;964;26;42
217;2;2506;965;28;60
217;14;2744;959;21;50
217;3;2765;957;24;60
217;5;2674;964;18;35
217;12;2491;955;11;28
217;7;1092;969;30;90
217;11;496;961;47;62
218;0;2275;967;35;56
218;1;2363;961;17;44
218;9;2042;964;26;42
218;2;2507;963;27;62
218;14;2742;959;23;53
218;5;2674;964;18;37
218;3;2765;957;26;57
218;12;2491;955;11;28
218;7;1092;969;30;88
218;11;497;957;41;68
219;1;2367;961;16;44
219;0;2274;965;36;58
219;9;2042;964;26;45
219;2;2507;965;29;60
219;14;2744;959;21;53
219;6;2772;954;31;63
219;5;2676;961;18;40
219;12;2491;955;11;28
219;7;1089;966;33;91
219;11;494;957;43;68
220;0;2274;965;28;57
220;1;2368;961;16;44
220;9;2042;964;26;45
220;2;2507;965;29;60
220;14;2742;959;23;53
220;6;2768;952;38;65
220;5;2676;959;18;40
220;12;2493;955;9;28
220;7;1089;969;33;88
220;11;491;961;40;63
221;1;2369;961;16;44
221;0;2269;965;28;57
221;9;2042;964;23;42
221;2;2507;965;27;60
221;6;2775;954;33;63
221;5;2679;959;15;40
221;14;2742;959;23;53
221;12;2493;955;9;28
221;7;1087;969;32;91
221;11;488;959;40;65
222;1;2371;961;14;46
222;0;2270;965;27;57
222;9;2044;964;19;45
222;2;2506;965;30;60
222;6;2779;954;29;63
222;5;2679;959;17;40
222;14;2737;954;21;58
222;12;2491;957;11;26
222;7;1085;969;34;93
222;11;487;961;40;61
223;1;2372;963;14;43
223;0;2269;963;26;58
223;9;2044;964;19;45
223;2;2506;967;30;58
223;19;2787;959;26;58
223;5;2681;959;15;40
223;20;2758;954;29;53
223;14;2737;954;21;55
223;12;2493;957;9;26
223;18;481;959;41;63
223;7;1082;971;33;89
224;0;2267;965;28;58
224;1;2372;963;16;43
224;9;2044;964;17;45
224;19;2787;959;26;56
224;2;2504;965;30;60
224;20;2758;954;26;56
224;5;2681;959;15;40
224;14;2739;957;17;45
224;12;2491;955;11;28
224;7;1080;971;30;87
224;21;479;957;39;62
225;0;2265;963;27;60
225;1;2376;963;14;45
225;9;2044;964;17;45
225;2;2494;961;47;70
225;19;2791;959;24;56
225;20;2760;952;27;58
225;5;2681;959;15;40
225;14;2737;952;19;55
225;7;1078;971;32;87
225;22;479;957;37;64
225;10;752;975;29;47
226;0;2265;963;27;60
226;1;2377;963;14;45
226;9;2042;964;19;45
226;2;2494;957;47;74
226;20;2763;949;24;61
226;14;2737;952;19;57
226;5;2681;959;17;40
226;19;2796;959;22;56
226;7;1078;971;30;89
226;23;481;959;35;62
226;10;750;975;31;47
227;1;2377;961;16;47
227;0;2262;961;29;62
227;9;2042;964;23;45
227;2;2494;955;46;74
227;19;2796;959;22;56
227;14;2735;952;21;60
227;20;2763;952;24;55
227;5;2681;959;15;40
227;24;390;957;41;67
227;7;1075;966;33;94
227;13;479;957;30;65
228;1;2379;961;16;47
228;0;2258;961;28;60
228;9;2044;964;17;45
228;2;2493;957;47;72
228;14;2737;952;19;60
228;19;2794;957;29;58
228;5;2683;957;20;49
228;20;2765;949;22;58
228;7;1073;966;32;94
228;13;479;959;28;61
229;0;2258;967;26;54
229;1;2381;961;14;45
229;9;2042;964;23;45
229;14;2735;949;23;63
229;2;2493;957;43;70
229;19;2806;959;24;56
229;5;2683;957;22;49
229;20;2765;952;22;58
229;24;386;959;36;62
229;7;1073;966;32;92
229;25;479;959;27;63
230;0;2258;965;26;58
230;1;2385;964;13;43
230;9;2042;964;23;45
230;19;2808;957;24;60
230;14;2735;949;23;63
230;2;2491;955;45;70
230;27;2777;952;26;60
230;5;2685;957;20;46
230;24;384;959;38;64
230;13;466;957;36;60
230;7;1070;969;35;93
230;10;737;975;33;47
230;26;618;969;29;54
231;0;2256;961;26;61
231;1;2385;963;13;44
231;9;2044;964;19;45
231;19;2811;957;24;60
231;27;2777;952;26;60
231;2;2486;957;48;70
231;14;2737;949;19;63
231;5;2687;959;18;37
231;28;459;957;40;62
231;7;1066;969;42;96
231;10;735;975;33;47
232;0;2253;959;28;63
232;1;2386;963;12;44
232;9;2044;964;17;45
232;27;2775;949;28;63
232;19;2813;954;24;63
232;2;2485;957;49;72
232;14;2737;947;19;65
232;5;2685;954;20;47
232;13;454;957;24;66
232;7;1063;971;36;94
232;10;737;980;29;53
233;0;2251;959;31;63
233;9;2044;964;17;45
233;1;2388;964;15;43
233;27;2777;952;26;60
233;14;2737;949;19;63
233;2;2483;955;51;74
233;5;2685;954;22;50
233;19;2813;954;27;63
233;13;451;954;27;65
233;7;1063;969;31;94
234;0;2247;957;40;64
234;1;2388;964;17;43
234;9;2044;964;17;47
234;2;2483;953;53;80
234;27;2779;954;24;61
234;14;2735;954;23;60
234;5;2685;957;22;49
234;19;2823;961;22;59
234;13;450;954;28;67
234;7;1063;969;31;94
235;0;2246;957;38;70
235;9;2042;964;19;45
235;2;2485;955;48;78
235;27;2779;952;24;63
235;14;2735;954;21;58
235;19;2823;961;26;61
235;5;2687;957;20;49
235;1;2399;964;10;46
235;13;449;957;29;61
235;24;369;963;41;55
235;7;1061;969;33;96
236;0;2244;957;40;68
236;9;2042;964;23;45
236;2;2485;955;44;76
236;14;2735;954;23;58
236;27;2779;949;24;66
236;19;2828;964;24;56
236;5;2687;957;23;49
236;1;2399;961;11;47
236;13;449;957;29;62
236;24;364;959;39;62
236;7;1059;969;33;94
237;0;2242;957;45;64
237;9;2042;964;23;45
237;14;2735;954;23;58
237;27;2779;949;24;66
237;2;2483;955;41;75
237;19;2828;957;26;63
237;5;2687;957;23;49
237;1;2399;959;11;47
237;29;440;957;36;66
237;24;363;963;37;56
237;7;1056;966;36;102
237;10;720;973;32;50
238;0;2244;961;30;57
238;9;2042;966;23;43
238;27;2782;949;24;66
238;2;2482;957;35;73
238;14;2735;952;23;60
238;19;2835;959;27;58
238;5;2690;957;22;49
238;1;2399;959;12;47
238;29;440;961;34;60
238;24;359;963;42;54
238;7;1054;966;38;102
238;10;718;975;34;48
239;0;2244;961;28;57
239;9;2042;966;26;43
239;14;2735;954;23;60
239;27;2782;949;24;68
239;19;2840;957;24;63
239;1;2400;957;15;52
239;5;2692;954;20;52
239;2;2482;961;27;64
239;29;439;959;34;63
239;24;359;963;42;56
239;7;1054;966;35;104
240;0;2242;961;28;59
240;9;2042;966;23;43
240;27;2787;952;28;65
240;1;2400;957;16;53
240;14;2737;954;23;60
240;2;2480;961;29;66
240;19;2842;959;27;63
240;5;2692;954;22;50
240;29;435;961;37;61
240;24;358;967;42;52
240;7;1051;966;38;99
241;0;2242;959;25;64
241;9;2042;966;26;43
241;27;2787;952;28;68
241;14;2739;957;26;57
241;1;2401;959;17;52
241;19;2842;959;32;63
241;2;2479;961;35;68
241;5;2692;957;22;49
241;29;432;957;39;63
241;24;353;963;40;52
241;7;1049;966;38;99
242;0;2240;959;25;64
242;9;2040;966;30;45
242;14;2739;954;26;62
242;27;2787;952;28;68
242;1;2401;959;18;53
242;2;2476;961;40;67
242;19;2847;957;32;68
242;5;2692;957;22;49
242;29;431;959;37;60
242;24;356;961;31;57
242;7;1047;969;38;97
242;10;708;975;34;46
243;0;2236;955;26;68
243;9;2040;966;28;47
243;1;2403;959;19;55
243;2;2472;961;42;66
243;27;2787;954;28;63
243;14;2739;957;26;59
243;19;2849;959;30;66
243;5;2694;959;16;40
243;29;429;959;37;58
243;24;351;961;39;55
243;10;706;972;34;51
243;7;1047;971;31;90
244;0;2236;957;24;66
244;9;2040;966;28;47
244;1;2401;961;21;55
244;2;2466;963;45;68
244;27;2787;952;28;68
244;14;2735;954;23;60
244;19;2849;957;30;63
244;5;2694;959;18;42
244;29;422;957;37;61
244;24;346;959;32;58
244;7;1042;969;36;94
244;10;702;975;33;48
245;0;2235;957;23;66
245;9;2040;966;28;47
245;1;2403;961;19;53
245;2;2464;963;47;70
245;27;2789;952;29;65
245;19;2852;957;29;63
245;14;2737;954;21;60
245;5;2694;959;16;42
245;29;421;955;36;61
245;24;340;955;39;63
245;10;696;972;35;50
246;0;2231;957;27;68
246;9;2040;966;28;47
246;27;2791;949;27;68
246;1;2403;962;21;53
246;19;2854;954;30;68
246;2;2461;965;50;70
246;14;2737;952;21;62
246;5;2696;959;16;42
246;29;418;955;36;63
246;24;339;959;40;57
246;7;1037;969;38;99
246;10;696;972;33;50
247;0;2229;957;31;68
247;9;2040;966;25;47
247;27;2794;949;26;66
247;1;2406;961;22;54
247;19;2857;957;27;63
247;2;2459;965;52;70
247;14;2742;954;21;60
247;5;2696;959;23;47
247;29;418;957;35;63
247;24;337;959;42;55
247;7;1037;969;38;97
247;10;694;977;31;56
248;0;2227;957;31;66
248;9;2040;966;23;45
248;27;2794;949;26;68
248;1;2406;959;22;56
248;14;2742;954;21;60
248;19;2859;954;27;66
248;2;2458;965;53;70
248;5;2696;959;23;47
248;29;415;959;36;61
248;24;335;959;44;55
248;7;1035;969;33;99
249;0;2227;957;29;68
249;9;2042;964;21;45
249;27;2796;949;24;71
249;1;2408;961;22;54
249;14;2742;952;21;62
249;5;2696;959;23;49
249;2;2459;965;47;68
249;19;2862;957;24;63
249;29;412;957;37;63
249;24;335;959;41;58
249;7;1032;969;36;97
250;0;2227;959;26;64
250;9;2040;964;21;45
250;1;2408;959;23;58
250;2;2459;963;40;67
250;14;2742;952;23;62
250;27;2796;949;27;71
250;5;2696;959;23;47
250;19;2869;957;22;60
250;12;2501;953;15;30
250;29;410;957;39;63
250;7;1032;969;34;97
251;0;2223;959;26;63
251;9;2040;959;16;55
251;1;2408;959;23;58
251;2;2456;963;35;68
251;14;2739;952;26;62
251;19;2871;957;20;60
251;27;2796;949;27;71
251;5;2696;959;20;47
251;12;2501;951;13;32
251;29;404;957;38;64
251;7;1030;971;33;95
252;0;2222;957;24;65
252;9;2037;964;21;45
252;1;2408;961;23;56
252;2;2456;961;26;68
252;19;2871;959;20;56
252;14;2739;952;26;62
252;27;2796;949;27;73
252;5;2696;957;20;51
252;12;2501;951;11;32
252;29;401;955;37;65
252;24;324;959;42;56
252;7;1027;969;36;97
253;0;2220;957;24;65
253;9;2037;964;21;47
253;1;2408;963;23;56
253;2;2455;965;22;63
253;19;2871;959;22;58
253;14;2739;954;26;62
253;27;2796;952;29;70
253;5;2696;959;20;49
253;12;2501;953;11;30
253;29;400;957;36;61
253;7;1025;966;34;103
253;17;676;972;34;52
254;0;2218;955;24;67
254;9;2037;964;21;45
254;1;2409;964;23;55
254;19;2874;957;22;60
254;2;2453;965;23;65
254;14;2739;952;26;64
254;27;2799;949;24;71
254;5;2696;957;20;51
254;12;2501;953;11;30
254;29;397;953;38;67
254;7;1025;969;31;100
255;0;2216;955;26;67
255;9;2035;964;23;45
255;1;2409;964;25;53
255;19;2876;957;22;58
255;2;2452;963;22;63
255;27;2806;949;26;71
255;14;2737;952;21;62
255;5;2694;954;18;52
255;12;2499;951;13;30
255;29;393;955;38;65
255;24;319;957;40;61
256;0;2214;955;28;67
256;9;2030;964;24;47
256;1;2409;966;26;51
256;2;2450;961;24;67
256;27;2806;949;26;71
256;19;2876;954;25;61
256;14;2742;954;21;62
256;5;2694;954;20;52
256;12;2501;951;11;30
256;29;392;955;37;63
256;24;317;957;41;61
256;7;1018;971;29;96
257;0;2210;957;30;67
257;9;2030;964;24;47
257;1;2410;966;28;53
257;27;2808;949;27;71
257;14;2742;954;21;62
257;19;2876;954;27;63
257;5;2692;957;22;49
257;2;2445;963;32;67
257;12;2502;951;12;32
257;29;392;957;36;63
257;24;315;959;41;57
257;17;666;974;34;49
257;7;1018;971;29;93
258;0;2208;957;28;65
258;9;2028;966;26;48
258;27;2806;949;29;73
258;14;2739;954;24;65
258;1;2410;964;29;57
258;19;2881;957;27;60
258;2;2443;965;33;63
258;5;2692;957;22;49
258;12;2502;953;10;28
258;29;386;955;38;66
258;24;311;959;45;57
258;17;666;972;34;51
259;0;2206;957;30;65
259;9;2028;966;26;50
259;27;2808;952;27;70
259;2;2443;966;33;66
259;14;2742;954;21;62
259;1;2411;963;31;57
259;19;2886;959;24;58
259;5;2696;959;23;49
259;12;2502;953;12;30
259;29;386;955;38;66
259;24;311;959;45;57
259;17;666;972;34;49
260;0;2204;957;31;68
260;9;2028;966;26;48
260;27;2808;949;27;73
260;19;2886;957;27;60
260;5;2694;957;25;51
260;1;2415;964;31;56
260;14;2742;954;21;60
260;12;2504;953;12;30
260;29;386;955;36;64
260;24;310;959;46;57
260;17;664;974;32;47
261;0;2200;957;33;68
261;9;2028;966;28;48
261;14;2739;952;24;67
261;27;2811;949;26;73
261;19;2889;957;24;60
261;5;2694;957;25;51
261;2;2443;963;34;63
261;12;2504;951;12;34
261;29;382;955;36;64
261;17;662;974;32;47
262;0;2198;957;35;68
262;9;2030;964;24;50
262;14;2739;952;26;67
262;19;2889;957;26;60
262;5;2694;957;27;52
262;27;2811;949;29;73
262;1;2426;966;23;52
262;12;2504;953;12;32
262;29;379;955;37;64
263;0;2200;959;31;66
263;9;2030;964;26;50
263;14;2739;952;26;67
263;5;2696;959;23;49
263;19;2891;957;27;60
263;27;2811;949;29;76
263;2;2438;965;33;65
263;12;2504;953;12;30
263;29;379;959;37;55
263;24;306;957;41;59
264;0;2198;957;35;68
264;9;2030;964;26;47
264;14;2739;952;26;64
264;19;2891;957;27;60
264;27;2820;947;29;75
264;2;2436;963;35;69
264;5;2696;957;23;51
264;12;2504;953;12;30
264;29;376;959;36;55
264;24;306;959;40;58
265;0;2200;959;33;64
265;9;2030;964;24;50
265;14;2739;952;26;67
265;27;2818;947;31;78
265;2;2435;963;36;67
265;5;2696;959;23;49
265;19;2893;957;27;60
265;12;2507;951;10;34
265;29;379;959;30;55
265;24;306;959;40;56
266;0;2198;957;33;68
266;9;2030;964;21;47
266;14;2739;954;26;65
266;27;2820;949;29;76
266;2;2432;964;34;67
266;19;2898;957;27;60
266;5;2696;957;16;47
266;12;2507;951;12;34
266;29;378;955;28;62
266;24;308;959;34;56
267;0;2200;961;25;62
267;9;2030;964;21;47
267;27;2820;949;29;76
267;14;2739;954;26;65
267;19;2898;957;27;60
267;2;2432;964;34;67
267;5;2696;957;16;44
267;12;2507;953;10;32
267;24;302;959;42;56
267;29;374;955;29;62
268;0;2198;961;25;62
268;9;2030;961;21;53
268;14;2739;954;26;65
268;27;2823;952;26;73
268;19;2901;957;24;60
268;2;2431;963;35;68
268;5;2696;957;14;44
268;12;2507;953;10;32
268;24;302;957;40;54
269;0;2196;961;22;62
269;9;2030;964;19;47
269;27;2823;949;26;76
269;19;2901;954;24;66
269;14;2739;954;26;65
269;2;2428;966;40;65
269;5;2694;959;16;40
269;12;2504;953;12;30
269;29;369;955;29;60
270;0;2196;961;20;65
270;9;2030;961;19;50
270;27;2823;949;29;76
270;19;2903;957;27;60
270;14;2739;954;26;65
270;5;2692;954;20;52
270;2;2430;966;36;63
270;12;2507;953;10;30
270;17;647;972;33;48
271;0;2194;961;20;63
271;9;2028;961;21;50
271;27;2825;949;27;76
271;19;2903;957;27;60
271;14;2737;952;23;67
271;2;2430;968;35;61
271;5;2692;957;20;51
271;12;2507;951;10;32
271;17;644;972;32;50
272;0;2190;961;24;61
272;9;2028;961;21;50
272;27;2825;952;29;73
272;19;2903;957;27;60
272;2;2431;968;35;61
272;14;2737;954;23;65
272;5;2690;957;22;51
272;12;2507;951;10;32
272;24;298;961;35;52
272;17;644;972;32;50
273;0;2188;959;22;63
273;9;2028;961;21;53
273;27;2828;949;26;73
273;1;2465;969;20;50
273;19;2903;954;29;66
273;2;2434;966;30;61
273;14;2737;952;23;67
273;5;2690;957;22;51
273;12;2507;953;10;30
273;24;298;961;35;52
273;17;644;972;30;50
274;0;2186;959;20;63
274;9;2028;961;21;53
274;27;2828;949;26;73
274;14;2735;952;23;67
274;19;2903;954;29;66
274;1;2466;969;22;51
274;5;2690;957;22;54
274;2;2432;964;30;63
274;12;2504;953;12;30
274;24;296;959;39;56
274;29;368;957;41;57
274;17;642;974;30;48
275;0;2184;961;24;61
275;9;2030;961;19;53
275;27;2828;949;29;76
275;19;2906;954;26;66
275;14;2735;949;25;70
275;1;2471;969;22;53
275;5;2687;957;25;51
275;2;2435;964;29;61
275;12;2507;951;10;30
275;24;296;959;39;56
275;29;368;957;41;57
275;17;642;976;30;44
275;7;1003;971;29;91
276;0;2180;961;26;63
276;9;2028;961;21;53
276;1;2472;967;24;55
276;19;2906;954;26;63
276;2;2434;959;28;66
276;14;2735;949;23;67
276;27;2830;949;27;76
276;5;2687;957;25;51
276;12;2504;953;12;30
276;24;296;959;41;56
276;7;1001;969;29;98
276;17;642;974;30;46
277;0;2178;963;28;61
277;9;2028;961;21;53
277;1;2476;969;21;51
277;19;2906;954;29;63
277;2;2434;959;27;66
277;27;2830;949;27;76
277;14;2735;949;25;67
277;5;2687;957;25;54
277;12;2504;953;13;28
277;24;296;959;41;56
277;29;364;959;40;56
277;7;1001;969;26;98
278;0;2176;961;28;65
278;9;2028;959;21;55
278;1;2476;969;23;51
278;14;2735;949;25;67
278;2;2435;957;26;68
278;27;2832;949;30;76
278;19;2906;954;29;63
278;5;2687;957;25;51
278;12;2506;953;13;28
278;24;298;957;37;54
278;7;1001;969;26;98
278;30;498;963;36;131
278;17;642;974;28;46
279;0;2170;968;32;56
279;9;2030;961;19;53
279;27;2832;949;30;78
279;1;2480;967;24;56
279;14;2735;949;25;67
279;2;2436;957;26;68
279;19;2906;954;29;66
279;5;2687;957;23;51
279;12;2507;953;12;30
279;24;296;957;39;52
279;7;1001;969;26;98
279;17;642;974;30;48
279;30;498;964;36;128
280;0;2170;963;30;61
280;9;2028;964;21;55
280;27;2832;949;30;78
280;14;2735;949;25;67
280;2;2436;957;26;70
280;1;2480;965;26;58
280;19;2908;954;27;63
280;5;2687;957;20;51
280;12;2507;951;12;30
280;24;298;957;37;52
280;17;640;972;30;50
280;7;1001;969;26;98
281;0;2168;963;30;62
281;9;2028;961;19;53
281;27;2832;949;30;78
281;14;2735;952;23;67
281;2;2436;957;25;72
281;19;2908;954;27;63
281;1;2482;967;24;58
281;5;2687;959;20;49
281;24;296;957;39;52
281;7;998;966;29;103
281;17;638;972;30;48
282;0;2166;966;32;59
282;9;2025;964;22;52
282;14;2733;952;25;67
282;27;2832;949;32;78
282;19;2908;954;27;63
282;5;2685;957;20;51
282;2;2436;959;25;70
282;1;2482;965;27;62
282;29;363;961;43;52
282;24;296;957;39;52
282;7;996;969;29;98
283;0;2164;961;32;66
283;9;2025;964;22;52
283;14;2733;952;25;67
283;27;2832;947;32;83
283;19;2908;954;27;63
283;5;2685;959;20;49
283;2;2435;963;27;64
283;1;2480;957;39;71
283;24;298;959;33;48
283;29;363;961;41;52
283;7;996;971;29;94
284;0;2164;961;28;66
284;9;2025;964;22;52
284;14;2733;952;25;67
284;27;2832;947;32;80
284;5;2685;959;20;49
284;1;2483;957;39;71
284;19;2908;954;27;63
284;2;2435;961;27;66
284;29;363;961;43;52
284;24;298;957;33;50
284;7;993;971;32;94
285;0;2162;959;28;66
285;9;2025;964;22;52
285;14;2733;952;25;64
285;27;2832;949;30;76
285;5;2681;954;24;54
285;2;2435;957;29;70
285;19;2908;952;27;65
285;1;2482;957;40;69
285;24;298;959;37;50
285;7;993;971;32;94
285;31;491;961;37;133
286;0;2164;961;24;62
286;9;2025;964;22;52
286;14;2733;952;25;67
286;27;2835;949;29;76
286;2;2436;957;32;69
286;1;2482;959;47;68
286;5;2681;954;24;54
286;19;2915;954;25;61
286;24;298;957;37;52
286;7;989;971;31;94
286;32;491;961;37;133
287;0;2160;957;22;68
287;9;2025;964;22;55
287;14;2733;952;25;67
287;1;2483;955;51;74
287;27;2835;949;29;76
287;2;2436;957;32;67
287;5;2676;954;27;52
287;19;2915;954;25;61
287;24;298;957;37;52
287;7;989;971;31;94
288;0;2160;954;22;71
288;9;2025;964;19;52
288;1;2485;955;48;80
288;14;2733;952;23;67
288;5;2674;954;29;52
288;27;2832;949;32;76
288;2;2439;957;20;72
288;19;2915;954;25;61
288;24;296;957;37;52
288;7;986;971;32;96
289;0;2158;957;24;68
289;9;2025;964;19;55
289;14;2730;952;26;67
289;1;2493;955;43;82
289;5;2674;952;27;56
289;27;2832;949;32;76
289;19;2915;954;27;61
289;2;2439;959;22;68
289;24;296;957;37;50
289;7;986;971;29;103
290;0;2154;959;26;64
290;9;2023;964;21;55
290;14;2730;952;23;67
290;1;2496;953;44;82
290;5;2674;957;24;49
290;19;2910;952;25;63
290;27;2832;949;32;76
290;2;2439;961;20;66
290;24;294;957;39;50
290;7;984;969;31;98
290;17;633;972;31;47
291;0;2151;959;29;66
291;9;2023;964;21;55
291;14;2730;950;23;69
291;1;2497;955;46;83
291;5;2672;957;26;51
291;19;2915;952;25;63
291;27;2832;949;32;76
291;2;2441;957;23;70
291;24;294;957;39;50
291;7;984;971;31;96
292;0;2151;959;29;66
292;9;2025;966;19;53
292;14;2733;952;23;69
292;1;2499;955;42;83
292;27;2835;949;34;78
292;19;2915;954;25;63
292;5;2674;957;24;51
292;2;2442;959;27;71
292;24;294;957;39;50
292;7;984;964;34;108
293;0;2147;959;33;69
293;9;2025;964;19;55
293;14;2733;952;23;69
293;1;2499;955;37;82
293;27;2835;949;34;78
293;19;2915;954;27;63
293;2;2445;959;20;68
293;5;2674;957;24;53
293;24;294;957;39;48
293;7;984;964;34;108
294;0;2147;959;33;69
294;9;2025;964;22;55
294;14;2733;950;23;71
294;19;2918;954;24;63
294;27;2840;949;29;78
294;1;2501;955;33;80
294;2;2446;961;19;66
294;5;2674;957;24;51
294;24;294;957;39;50
294;7;984;964;34;108
295;0;2147;959;33;66
295;9;2025;964;22;55
295;14;2733;950;25;71
295;19;2918;957;26;60
295;27;2845;949;26;78
295;2;2448;959;20;69
295;5;2676;957;22;51
295;1;2506;953;23;80
295;24;294;957;41;50
295;7;984;964;34;108
295;17;633;974;31;45
296;0;2147;959;31;67
296;9;2025;964;22;55
296;14;2730;950;28;71
296;19;2918;954;26;61
296;2;2448;957;21;73
296;1;2506;951;21;79
296;27;2845;947;26;80
296;5;2676;954;22;52
296;7;984;964;34;110
297;0;2147;959;31;67
297;9;2025;964;22;55
297;14;2730;950;28;71
297;19;2918;957;26;58
297;2;2448;957;21;71
297;20;2828;949;24;78
297;1;2506;949;23;82
297;5;2676;959;20;49
297;7;984;964;34;108
297;26;633;970;31;49
298;0;2147;959;31;67
298;9;2028;964;19;55
298;14;2730;952;28;69
298;19;2918;957;26;58
298;2;2449;959;20;69
298;20;2828;949;21;76
298;1;2506;953;25;76
298;5;2676;959;20;49
298;24;294;957;39;48
298;7;981;964;37;108
299;0;2145;959;29;69
299;9;2028;964;19;55
299;1;2499;953;39;80
299;14;2733;952;23;71
299;2;2450;957;22;71
299;19;2918;957;26;60
299;20;2828;949;21;73
299;5;2676;957;18;51
299;24;294;957;39;48
299;7;981;964;37;108
300;0;2145;959;29;69
300;9;2025;964;22;55
300;1;2494;953;47;83
300;2;2446;957;30;71
300;14;2730;952;26;71
300;19;2918;957;26;58
300;20;2825;947;24;75
300;5;2674;954;20;54
300;24;292;957;39;48
300;7;981;964;37;106
300;33;488;961;40;130
301;0;2145;959;27;67
301;9;2025;964;22;55
301;14;2730;950;23;73
301;2;2446;957;31;71
301;19;2918;957;26;58
301;1;2486;953;57;87
301;20;2825;947;24;78
301;27;2849;954;30;76
301;5;2672;954;20;54
301;24;291;957;40;48
301;7;981;964;34;108
302;0;2143;961;27;65
302;9;2025;964;22;52
302;14;2728;947;25;76
302;2;2446;955;31;73
302;19;2918;954;26;61
302;1;2483;953;62;87
302;20;2823;947;26;75
302;27;2849;957;30;73
302;5;2672;957;20;51
302;24;291;955;40;46
302;7;981;964;34;106
302;17;631;972;30;45
303;0;2143;959;27;67
303;9;2025;964;22;52
303;14;2728;945;25;78
303;2;2446;955;31;73
303;1;2480;955;60;87
303;19;2918;954;26;61
303;20;2823;947;24;75
303;27;2849;957;32;73
303;5;2670;957;22;49
303;24;291;955;40;48
303;29;359;955;41;52
303;7;979;966;36;104
303;34;486;961;41;131
303;17;629;974;32;41
304;0;2143;957;27;69
304;9;2025;964;22;52
304;14;2728;947;25;76
304;20;2820;947;27;75
304;2;2446;955;31;73
304;19;2918;954;26;61
304;1;2479;959;59;82
304;5;2668;954;24;52
304;27;2849;954;30;76
304;24;289;955;42;48
304;7;979;966;36;104
304;35;486;959;39;133
305;0;2143;957;25;71
305;9;2025;964;24;52
305;14;2726;950;27;73
305;20;2818;944;29;81
305;19;2918;954;26;61
305;2;2446;955;31;73
305;1;2479;955;54;84
305;27;2849;954;32;76
305;5;2665;957;25;48
305;24;296;955;30;46
305;7;979;966;36;104
306;0;2143;959;25;69
306;9;2025;964;24;52
306;14;2726;947;27;76
306;20;2818;944;29;81
306;1;2480;955;51;84
306;27;2852;947;32;83
306;19;2918;954;26;61
306;2;2446;955;31;73
306;5;2665;957;25;48
306;29;359;957;39;49
306;24;289;955;42;48
306;7;979;964;36;106
306;26;627;969;32;46
307;0;2143;957;25;71
307;9;2028;964;21;55
307;1;2485;955;44;84
307;14;2726;947;27;76
307;20;2818;944;29;83
307;2;2453;957;23;69
307;19;2918;957;26;58
307;27;2852;954;29;76
307;5;2665;954;25;56
307;29;359;955;39;51
307;24;289;955;41;46
307;7;979;964;36;108
307;17;627;969;32;46
308;0;2143;957;25;73
308;9;2028;964;21;55
308;2;2453;957;24;71
308;14;2726;947;27;76
308;20;2815;944;32;83
308;1;2491;955;36;86
308;19;2918;957;26;58
308;27;2854;947;30;83
308;5;2665;959;25;51
308;29;359;955;41;50
308;24;291;957;39;44
308;7;979;964;36;108
308;36;486;959;36;133
309;0;2143;959;25;71
309;9;2028;964;21;55
309;2;2456;955;23;73
309;14;2726;947;27;76
309;1;2497;953;36;90
309;20;2813;944;29;83
309;19;2918;957;26;58
309;27;2857;949;27;78
309;5;2661;959;24;51
309;24;291;957;39;44
309;29;359;955;39;51
309;7;979;964;36;108
309;37;486;959;36;131
309;17;627;969;30;46
310;0;2143;959;25;71
310;9;2028;964;21;55
310;2;2456;955;23;73
310;14;2726;947;27;76
310;20;2813;944;29;83
310;27;2857;947;29;80
310;19;2918;957;26;58
310;1;2499;953;32;90
310;5;2661;957;24;53
310;24;294;955;32;46
310;29;359;955;39;51
310;7;979;964;36;108
311;0;2145;959;25;71
311;9;2028;964;23;54
311;2;2458;955;22;74
311;14;2726;947;27;76
311;20;2813;944;29;85
311;27;2859;947;27;80
311;19;2918;954;26;61
311;1;2499;951;32;90
311;5;2663;957;22;53
311;24;289;955;42;48
311;29;359;955;39;51
311;7;979;964;36;106
311;17;627;972;32;45
312;0;2145;957;25;73
312;9;2028;964;23;54
312;2;2459;955;23;74
312;14;2726;947;27;76
312;20;2813;944;29;83
312;19;2918;954;26;61
312;27;2859;947;27;80
312;1;2501;951;30;92
312;5;2663;957;22;53
312;24;289;955;41;48
312;29;359;955;39;51
312;7;979;966;36;104
312;17;627;972;32;45
313;0;2145;957;25;73
313;9;2028;964;23;54
313;2;2459;955;24;74
313;14;2726;947;25;76
313;20;2813;947;27;80
313;27;2859;947;30;80
313;19;2918;954;26;61
313;1;2501;953;30;90
313;5;2661;957;22;53
313;7;979;964;36;108
313;17;625;972;34;45
314;0;2145;959;27;71
314;9;2030;964;24;54
314;2;2461;955;24;76
314;19;2918;954;29;63
314;14;2726;950;25;73
314;20;2813;947;24;80
314;1;2501;953;30;90
314;27;2862;947;27;83
314;5;2661;954;22;54
314;24;291;955;39;50
314;29;368;953;27;55
314;7;979;966;36;106
314;17;625;969;34;48
315;0;2145;959;27;71
315;9;2030;961;24;57
315;2;2462;955;23;74
315;19;2920;954;27;63
315;14;2726;950;25;73
315;20;2813;947;24;78
315;1;2501;953;32;90
315;5;2661;957;22;51
315;27;2864;954;32;76
315;24;291;955;39;50
315;29;359;955;41;52
315;7;979;966;36;104
315;17;627;972;32;43
316;0;2145;959;27;71
316;9;2035;961;23;57
316;2;2462;957;24;72
316;1;2499;953;35;90
316;19;2920;954;27;63
316;14;2728;950;23;73
316;20;2811;947;26;78
316;27;2862;952;34;80
316;5;2661;957;20;51
316;24;291;957;39;48
316;29;359;953;41;56
316;7;979;966;36;104
317;0;2145;959;27;71
317;9;2035;964;23;54
317;2;2464;955;22;74
317;14;2726;950;25;73
317;19;2920;954;27;61
317;1;2499;953;37;92
317;27;2862;952;34;80
317;20;2808;947;27;78
317;5;2659;959;22;49
317;24;291;955;39;50
317;29;368;951;29;57
317;7;979;966;36;104
317;26;625;969;34;48
318;0;2145;957;27;75
318;9;2035;964;23;54
318;2;2464;955;22;74
318;14;2726;947;25;76
318;27;2864;952;32;80
318;19;2918;954;29;61
318;1;2497;953;39;92
318;20;2806;949;29;76
318;5;2659;957;20;50
318;24;289;955;41;50
318;29;363;943;37;66
318;7;979;966;36;104
318;38;483;962;42;127
319;0;2145;957;27;73
319;9;2035;964;23;54
319;2;2464;955;22;72
319;14;2726;950;25;73
319;27;2864;952;34;80
319;19;2920;952;27;63
319;1;2496;953;40;90
319;20;2806;949;26;78
319;5;2657;957;19;50
319;24;289;955;41;50
319;7;979;966;36;104
319;39;484;962;40;126
320;0;2147;957;25;75
320;9;2035;964;23;54
320;2;2464;955;24;72
320;14;2726;947;25;76
320;19;2920;952;27;63
320;27;2867;952;31;80
320;1;2496;955;38;88
320;5;2657;957;19;50
320;20;2803;949;29;78
320;24;289;955;39;50
320;29;368;951;29;58
320;7;979;966;36;104
320;40;486;959;36;134
320;26;625;969;34;46
321;0;2147;957;25;75
321;9;2037;964;21;57
321;2;2464;955;24;74
321;14;2726;947;25;79
321;19;2920;952;27;63
321;27;2869;954;29;78
321;5;2655;957;21;50
321;1;2493;957;34;86
321;20;2801;949;31;78
321;29;359;953;41;52
321;24;291;957;39;46
321;7;979;966;36;104
321;17;625;972;32;41
322;0;2147;957;25;73
322;9;2037;964;21;54
322;2;2464;955;24;74
322;14;2726;947;25;79
322;19;2920;952;27;63
322;1;2494;955;32;87
322;5;2653;957;23;50
322;27;2869;954;29;78
322;20;2801;949;29;78
322;29;363;945;37;62
322;24;289;955;41;48
322;7;976;966;39;104
323;0;2147;957;31;71
323;9;2037;964;21;54
323;2;2464;955;24;74
323;14;2726;947;25;79
323;19;2920;952;27;63
323;1;2493;955;33;87
323;5;2650;957;26;53
323;27;2874;949;27;78
323;20;2796;952;32;77
323;29;366;953;27;55
323;24;289;957;39;48
323;7;976;966;39;104
323;26;622;971;40;44
324;0;2147;957;31;71
324;9;2040;964;21;54
324;14;2723;947;28;79
324;2;2464;955;24;76
324;19;2920;952;27;63
324;20;2794;949;31;78
324;1;2493;955;31;87
324;27;2876;949;25;76
324;5;2650;957;26;53
324;24;289;955;41;50
324;29;366;949;29;62
324;7;976;966;39;106
324;26;627;967;32;48
325;0;2149;957;29;73
325;9;2040;964;21;54
325;14;2723;947;28;79
325;1;2490;955;34;91
325;19;2920;952;27;63
325;2;2465;953;23;78
325;20;2791;949;34;78
325;27;2876;949;27;76
325;5;2650;957;26;53
325;24;289;955;41;50
325;29;361;953;39;56
325;7;976;966;39;106
326;0;2149;957;27;73
326;9;2040;961;21;60
326;14;2723;945;28;81
326;1;2488;955;36;91
326;2;2465;955;23;76
326;19;2918;952;29;63
326;20;2789;954;39;73
326;5;2648;959;26;51
326;27;2879;949;24;76
326;29;361;955;39;54
326;24;289;952;32;53
326;7;976;966;39;106
327;0;2149;957;27;73
327;9;2042;964;19;54
327;14;2723;945;28;81
327;19;2918;954;29;61
327;1;2486;955;36;91
327;20;2787;954;38;75
327;5;2646;959;26;51
327;27;2879;952;24;80
327;24;292;955;34;50
327;29;361;953;39;56
327;7;976;966;37;106
328;0;2149;959;27;71
328;9;2042;964;21;54
328;14;2723;945;28;81
328;19;2918;952;29;63
328;5;2646;959;26;51
328;1;2466;955;22;74
328;20;2787;954;38;75
328;27;2879;954;24;75
328;24;291;955;37;50
328;7;976;966;37;106
329;0;2149;957;27;75
329;9;2042;964;21;54
329;14;2723;942;28;86
329;19;2920;952;27;63
329;5;2646;959;26;51
329;20;2789;947;34;82
329;1;2466;957;22;72
329;27;2881;957;29;75
329;7;976;966;37;106
329;26;627;972;32;45
330;0;2151;957;25;75
330;9;2042;964;21;54
330;14;2723;942;28;84
330;19;2918;952;26;63
330;27;2881;954;29;80
330;5;2644;959;26;51
330;20;2787;952;36;77
330;1;2468;959;18;68
330;41;2504;951;12;30
330;7;976;966;37;106
330;26;624;972;38;45
331;0;2151;959;27;73
331;9;2042;964;23;54
331;14;2723;942;28;84
331;27;2879;954;34;78
331;19;2918;952;26;63
331;5;2644;959;26;51
331;20;2789;947;29;82
331;41;2477;967;34;80
331;24;289;955;39;48
331;7;976;966;37;106
331;42;487;959;35;138
331;26;627;972;32;45
332;0;2154;959;24;73
332;9;2042;966;23;52
332;14;2721;942;30;84
332;27;2881;954;32;78
332;5;2642;957;26;52
332;19;2918;952;26;63
332;20;2789;947;26;80
332;41;2502;953;12;28
332;1;2476;967;23;73
332;7;976;966;37;106
332;26;627;972;32;47
333;0;2154;959;24;73
333;9;2040;966;28;54
333;14;2721;942;30;84
333;27;2881;954;32;78
333;5;2642;957;23;52
333;19;2918;952;26;63
333;20;2787;947;26;80
333;1;2468;961;29;83
333;41;2502;953;12;28
333;24;294;957;32;46
333;29;358;955;43;52
333;7;976;966;37;106
333;17;627;974;32;43
334;0;2154;959;26;73
334;9;2042;966;26;54
334;14;2723;942;28;84
334;27;2884;954;31;78
334;5;2642;957;21;50
334;19;2918;952;26;63
334;20;2787;947;24;77
334;1;2466;959;31;85
334;41;2502;953;12;28
334;24;294;957;32;46
334;7;979;964;36;110
334;26;627;972;32;47
335;0;2154;959;26;73
335;9;2042;966;26;54
335;14;2723;945;28;81
335;27;2884;954;31;78
335;5;2642;957;21;50
335;19;2918;952;26;63
335;20;2782;947;24;77
335;1;2465;961;29;84
335;41;2502;953;12;28
335;24;294;957;32;48
335;7;979;966;34;106
335;26;627;972;32;47
336;0;2156;959;24;73
336;9;2042;966;26;54
336;27;2886;957;29;75
336;14;2723;945;28;81
336;5;2640;959;21;48
336;19;2918;954;24;61
336;20;2782;947;21;77
336;1;2461;961;32;86
336;41;2502;953;12;28
336;24;294;957;32;48
336;7;979;966;34;106
336;26;627;969;32;48
337;0;2156;959;24;73
337;9;2044;966;24;54
337;14;2721;942;25;84
337;1;2456;955;40;92
337;27;2886;954;29;78
337;19;2918;952;26;63
337;20;2779;947;24;77
337;5;2640;959;19;48
337;41;2502;953;12;28
337;24;294;957;32;46
337;7;979;966;34;106
337;26;627;972;32;43
337;15;489;966;36;48
338;0;2156;961;24;71
338;9;2044;966;24;54
338;1;2452;955;42;90
338;14;2721;945;25;81
338;27;2886;954;29;78
338;19;2915;952;27;63
338;20;2777;949;26;75
338;5;2638;957;17;52
338;41;2502;951;12;30
338;24;291;957;39;46
338;7;979;966;34;106
338;26;629;972;30;45
338;15;489;966;36;50
339;0;2158;959;24;73
339;9;2044;966;24;54
339;14;2721;945;25;81
339;1;2445;955;46;92
339;27;2889;952;26;80
339;20;2777;949;24;78
339;19;2915;954;27;61
339;5;2636;957;19;50
339;41;2502;951;12;30
339;24;294;959;32;44
339;29;358;957;43;48
339;7;979;966;34;106
339;15;489;966;36;50
339;26;627;967;32;50
340;0;2158;959;24;73
340;9;2044;966;24;54
340;14;2721;945;25;81
340;1;2442;963;46;84
340;5;2634;957;21;52
340;27;2891;954;24;78
340;19;2915;954;27;61
340;20;2775;957;24;70
340;41;2502;951;12;30
340;29;358;957;42;46
340;24;294;959;32;46
340;7;979;966;36;106
340;15;489;966;38;50
340;26;629;969;32;48
341;0;2160;959;24;75
341;9;2047;966;21;54
341;14;2721;945;25;81
341;5;2632;957;23;52
341;1;2441;963;41;85
341;20;2772;957;27;70
341;27;2891;954;27;78
341;41;2502;951;12;30
341;29;358;957;43;48
341;7;981;964;32;108
341;15;489;966;36;48
341;26;629;972;30;47
342;0;2162;959;22;75
342;9;2051;964;23;59
342;14;2721;945;25;81
342;5;2630;957;25;50
342;1;2439;963;44;85
342;20;2772;949;27;75
342;27;2893;952;25;70
342;41;2502;951;12;32
342;29;361;955;40;50
342;24;294;957;32;48
342;7;981;964;34;108
342;26;631;972;28;45
342;15;491;966;34;50
343;0;2162;959;22;73
343;9;2051;964;23;56
343;14;2721;945;25;81
343;5;2628;957;27;50
343;1;2438;963;44;85
343;20;2772;949;24;78
343;27;2893;952;25;70
343;41;2502;951;12;32
343;24;296;957;32;48
343;29;361;955;39;50
343;7;981;966;34;106
343;26;631;972;30;45
343;15;491;964;36;52
344;0;2162;959;22;73
344;9;2054;966;20;57
344;14;2721;945;25;83
344;5;2628;955;25;54
344;1;2436;964;44;84
344;20;2765;949;29;77
344;27;2893;957;25;75
344;41;2502;951;12;32
344;24;296;957;34;50
344;29;363;947;38;60
344;7;981;966;34;106
344;26;631;974;30;43
344;43;492;966;35;50
345;0;2164;961;24;71
345;9;2054;966;20;54
345;14;2721;945;25;83
345;5;2628;957;25;52
345;12;2471;953;22;79
345;20;2763;954;31;72
345;27;2908;952;27;68
345;41;2502;951;12;30
345;24;296;957;34;50
345;7;981;966;34;106
345;26;631;974;30;45
345;44;493;966;34;50
346;0;2164;959;26;75
346;9;2054;969;23;49
346;14;2721;942;25;86
346;12;2471;953;22;79
346;5;2625;957;25;54
346;20;2763;954;31;72
346;27;2906;952;26;70
346;41;2502;951;12;30
346;1;2431;964;37;82
346;24;296;957;34;50
346;7;981;966;34;106
346;26;633;974;29;45
347;0;2166;959;26;75
347;9;2056;966;23;54
347;12;2471;955;22;79
347;14;2721;945;25;83
347;5;2625;959;25;52
347;1;2435;972;36;77
347;20;2765;954;26;72
347;41;2502;951;12;32
347;27;2906;949;26;75
347;24;298;957;33;48
347;7;984;964;31;108
347;26;633;972;31;47
348;0;2168;959;26;74
348;9;2056;966;23;54
348;12;2472;955;22;79
348;14;2721;942;25;86
348;5;2625;959;25;50
348;20;2765;954;26;75
348;1;2438;970;27;78
348;41;2504;951;10;32
348;27;2903;952;29;80
348;7;984;969;31;98
349;0;2168;959;28;72
349;9;2056;966;25;56
349;12;2472;955;22;79
349;14;2721;942;25;86
349;5;2625;959;23;50
349;20;2765;957;26;69
349;27;2903;952;29;80
349;41;2504;951;10;32
349;1;2435;966;26;78
349;7;984;964;34;108
350;0;2168;959;30;74
350;9;2056;966;28;56
350;12;2472;957;22;77
350;14;2721;945;25;83
350;20;2763;957;28;69
350;5;2623;957;25;52
350;27;2901;952;31;80
350;1;2434;964;24;81
350;41;2504;951;12;34
350;7;986;969;32;101
351;0;2168;961;30;72
351;9;2056;966;30;56
351;12;2472;955;22;79
351;14;2721;945;25;83
351;20;2760;957;27;69
351;1;2431;963;25;84
351;27;2898;952;34;80
351;5;2623;957;19;52
351;41;2502;951;12;34
351;7;984;964;34;110
352;0;2168;961;30;72
352;9;2056;966;30;56
352;12;2472;955;22;79
352;14;2721;945;25;83
352;20;2758;957;29;69
352;1;2428;963;27;84
352;27;2898;952;32;80
352;5;2621;957;19;52
352;41;2502;951;12;34
352;7;984;964;34;110
352;26;636;972;32;50
353;0;2168;963;28;70
353;9;2056;966;30;56
353;12;2472;955;24;79
353;14;2719;945;25;83
353;20;2760;949;24;75
353;1;2424;963;29;84
353;27;2898;952;32;80
353;5;2621;957;17;52
353;41;2502;951;12;34
353;7;986;971;32;96
354;9;2054;966;32;56
354;0;2168;966;28;67
354;14;2719;947;25;81
354;12;2471;955;23;79
354;20;2758;952;26;72
354;1;2418;961;35;86
354;5;2619;959;17;49
354;27;2898;952;32;80
354;41;2502;951;12;34
354;7;986;971;32;96
354;26;638;976;28;43
355;9;2054;964;30;58
355;0;2168;966;28;67
355;14;2719;947;25;81
355;27;2896;949;32;85
355;20;2758;949;24;75
355;5;2617;959;17;49
355;1;2414;963;41;84
355;12;2469;955;28;79
355;41;2502;953;10;32
355;7;986;974;32;91
356;0;2170;963;26;70
356;9;2054;964;30;58
356;14;2716;950;26;75
356;27;2896;949;32;85
356;5;2615;959;19;49
356;1;2411;963;38;85
356;12;2469;955;28;79
356;20;2756;952;26;70
356;41;2501;953;11;32
356;7;986;969;32;105
357;0;2170;963;26;70
357;9;2056;964;28;58
357;14;2716;950;26;75
357;12;2468;955;29;81
357;1;2410;968;39;80
357;27;2896;949;32;85
357;5;2613;961;19;47
357;20;2751;957;26;69
357;41;2501;953;11;30
357;24;298;959;39;50
357;7;986;969;32;108
357;26;638;978;30;48
358;0;2172;963;24;70
358;9;2058;964;26;58
358;14;2716;950;23;75
358;12;2468;955;29;81
358;1;2409;968;40;82
358;27;2896;949;32;85
358;5;2611;961;21;50
358;20;2751;957;24;69
358;41;2501;953;11;32
358;29;369;963;43;51
358;24;302;959;40;50
358;7;986;971;32;103
358;26;640;978;30;48
359;0;2174;963;22;70
359;9;2058;964;23;58
359;14;2714;950;25;75
359;12;2466;955;31;83
359;27;2896;944;34;88
359;5;2607;961;23;49
359;20;2751;952;24;74
359;1;2408;963;33;82
359;41;2501;953;11;30
359;7;986;971;34;103
359;26;640;978;28;50
360;0;2174;961;24;74
360;9;2061;964;23;58
360;14;2714;950;25;73
360;12;2466;955;31;83
360;5;2605;961;23;49
360;27;2896;944;34;88
360;20;2749;954;26;72
360;1;2408;963;30;82
360;41;2501;953;11;30
360;24;306;961;33;54
360;7;989;971;31;103
360;26;642;980;28;46
361;0;2178;961;24;74
361;9;2061;964;23;56
361;20;2749;954;26;72
361;14;2714;952;25;71
361;12;2466;955;31;85
361;5;2603;959;25;51
361;1;2406;968;29;78
361;27;2893;944;37;88
361;41;2501;953;11;30
361;24;302;959;40;56
361;7;989;974;31;100
361;26;644;974;26;46
362;0;2178;963;24;70
362;9;2065;966;21;54
362;20;2749;957;23;69
362;1;2405;969;26;77
362;14;2712;954;25;74
362;5;2603;961;25;49
362;12;2465;955;31;85
362;27;2893;947;39;82
362;41;2501;953;11;32
362;24;302;961;42;52
362;7;989;974;31;98
362;26;644;974;28;48
363;0;2180;970;22;65
363;9;2068;966;18;54
363;20;2749;957;23;69
363;5;2601;959;24;51
363;12;2465;957;31;83
363;14;2712;952;27;71
363;27;2893;944;39;85
363;1;2405;968;22;77
363;41;2501;953;11;32
363;24;304;959;40;49
363;7;991;974;34;98
363;26;644;980;30;46
364;0;2180;970;24;65
364;9;2068;966;18;56
364;5;2601;959;22;51
364;20;2746;957;24;69
364;14;2712;957;25;71
364;1;2401;969;25;76
364;12;2465;957;31;83
364;27;2893;944;39;85
364;41;2501;953;10;32
364;24;304;961;40;52
364;7;993;976;32;96
364;26;644;980;30;46
365;0;2180;972;26;63
365;9;2068;966;20;56
365;14;2712;954;25;74
365;1;2400;969;24;76
365;5;2601;961;22;49
365;20;2746;957;24;69
365;12;2465;957;31;83
365;27;2891;947;41;82
365;41;2501;953;10;32
365;24;304;959;42;56
365;7;993;976;32;94
365;26;644;980;30;46
366;0;2180;972;30;60
366;9;2068;968;20;52
366;45;2389;963;33;44
366;14;2710;954;27;76
366;5;2601;961;20;49
366;12;2466;957;31;83
366;20;2744;957;24;69
366;27;2891;947;41;82
366;41;2501;953;11;32
366;24;306;959;40;58
366;29;374;967;29;50
366;7;996;976;29;94
367;9;2068;966;22;56
367;0;2178;972;32;60
367;1;2386;964;36;68
367;14;2710;957;27;73
367;12;2465;957;32;85
367;20;2744;957;24;69
367;5;2599;961;20;49
367;27;2891;947;44;80
367;41;2501;953;10;32
367;24;306;959;40;58
367;29;376;967;27;52
367;7;996;976;29;94
368;0;2180;966;32;66
368;9;2068;968;25;54
368;1;2386;964;36;69
368;14;2710;957;27;73
368;20;2744;957;24;69
368;12;2465;957;32;85
368;5;2597;961;22;49
368;27;2891;947;44;80
368;41;2501;953;10;32
368;24;306;959;40;58
368;29;376;965;27;54
368;7;998;976;27;96
369;9;2068;968;27;54
369;0;2178;970;34;64
369;47;2385;964;13;71
369;14;2707;959;30;71
369;20;2742;959;26;65
369;12;2465;957;31;85
369;46;2399;975;25;72
369;27;2893;952;39;82
369;5;2595;961;20;49
369;41;2499;953;12;32
369;24;308;959;39;57
369;7;998;976;27;94
370;9;2065;968;30;54
370;0;2178;970;34;64
370;47;2385;964;13;72
370;12;2465;957;31;85
370;14;2707;957;30;73
370;20;2742;957;26;67
370;46;2399;975;23;73
370;5;2595;959;18;51
370;27;2889;947;46;80
370;41;2497;953;14;32
370;24;306;959;41;57
370;7;998;976;27;94
370;26;644;978;30;51
371;9;2065;968;30;54
371;0;2178;970;34;64
371;48;2380;968;38;77
371;12;2465;957;31;85
371;20;2742;959;26;65
371;14;2705;959;25;71
371;5;2594;959;17;51
371;27;2891;947;41;80
371;41;2497;953;14;32
371;24;306;959;41;57
371;7;998;976;27;94
371;26;644;980;32;46
372;9;2065;971;30;51
372;0;2180;970;32;64
372;49;2376;970;38;73
372;12;2465;957;31;87
372;14;2705;959;25;71
372;20;2742;959;23;65
372;5;2592;959;17;51
372;41;2497;955;12;30
372;27;2891;952;39;80
372;24;306;959;41;57
372;7;998;976;27;94
372;26;645;978;31;48
373;9;2068;971;27;51
373;0;2180;968;32;66
373;50;2376;970;36;73
373;12;2465;957;31;87
373;14;2705;957;25;73
373;5;2592;959;17;51
373;20;2742;954;23;67
373;27;2893;954;37;78
373;41;2497;953;14;32
373;24;308;959;39;57
373;7;998;976;27;94
374;9;2068;971;27;51
374;0;2182;966;30;68
374;51;2376;968;31;76
374;12;2465;957;31;85
374;14;2705;959;25;71
374;5;2590;959;17;51
374;20;2742;954;23;65
374;27;2893;954;37;78
374;41;2497;953;14;32
374;24;308;961;41;55
374;7;998;976;29;96
375;0;2186;966;24;69
375;9;2068;971;29;51
375;52;2375;963;30;76
375;12;2466;957;30;85
375;14;2705;959;25;71
375;5;2588;959;19;51
375;20;2742;954;23;67
375;27;2889;957;36;75
375;41;2497;953;14;32
375;24;308;961;41;57
375;7;998;976;27;96
375;26;647;978;35;55
376;0;2186;963;26;71
376;9;2070;971;27;51
376;53;2375;963;28;76
376;12;2466;957;31;85
376;14;2705;957;23;73
376;5;2588;961;19;49
376;20;2742;952;23;69
376;27;2891;957;32;75
376;41;2497;953;14;32
376;24;311;961;43;55
376;7;998;976;27;94
377;0;2188;963;22;69
377;9;2072;968;25;54
377;54;2375;963;23;77
377;14;2705;957;23;73
377;12;2468;957;29;85
377;20;2742;952;23;69
377;5;2586;959;21;51
377;27;2891;957;32;72
377;41;2497;955;12;30
377;24;311;963;43;55
377;7;998;976;27;94
377;26;649;978;33;53
378;55;2375;963;23;77
378;0;2192;963;20;69
378;9;2074;968;23;54
378;14;2705;957;23;73
378;12;2468;957;29;83
378;20;2742;954;23;67
378;5;2586;961;21;49
378;27;2874;961;24;61
378;41;2497;955;14;28
378;24;313;963;41;53
378;7;1001;974;24;96
378;26;651;976;33;55
379;56;2373;963;23;77
379;0;2192;963;22;69
379;9;2074;968;23;52
379;12;2469;957;30;85
379;14;2705;954;23;76
379;20;2742;954;23;67
379;5;2582;959;23;51
379;27;2869;961;29;61
379;24;313;963;41;53
379;7;998;976;27;96
380;57;2373;964;22;73
380;0;2196;963;20;69
380;9;2074;968;23;52
380;14;2705;957;23;73
380;20;2742;954;23;67
380;12;2469;959;30;83
380;5;2580;959;25;51
380;27;2869;961;27;61
380;19;2896;959;32;73
380;24;315;963;41;53
380;7;998;974;27;98
381;58;2372;966;23;71
381;0;2198;963;18;69
381;9;2077;968;20;52
381;12;2469;959;30;85
381;14;2705;954;23;76
381;20;2742;954;23;67
381;5;2580;959;23;53
381;27;2869;961;27;61
381;24;315;961;41;55
381;7;998;974;27;98
381;26;651;974;33;46
382;0;2198;963;20;69
382;59;2372;968;23;67
382;9;2077;968;20;52
382;12;2469;957;32;87
382;14;2705;954;23;76
382;20;2742;954;23;67
382;5;2580;959;23;53
382;27;2867;961;29;61
382;24;315;961;43;55
382;7;998;976;27;94
383;0;2200;963;22;67
383;60;2371;966;24;71
383;9;2077;968;20;52
383;14;2705;954;23;76
383;12;2471;959;30;83
383;20;2742;954;23;67
383;5;2580;959;23;53
383;27;2867;961;29;61
383;24;317;961;41;55
383;7;1001;974;24;96
384;0;2198;963;24;69
384;61;2367;964;24;73
384;9;2079;968;18;52
384;14;2705;952;23;78
384;12;2471;959;30;85
384;20;2742;952;23;69
384;5;2578;959;23;53
384;27;2867;959;26;66
384;19;2893;954;27;75
384;24;317;961;39;55
384;7;1001;974;24;91
385;0;2198;963;24;69
385;62;2365;963;24;76
385;9;2077;968;20;52
385;14;2703;950;25;80
385;5;2576;959;21;52
385;12;2471;959;28;85
385;20;2742;952;21;69
385;19;2891;954;24;75
385;27;2862;959;27;66
385;24;317;961;39;55
385;7;998;976;27;91
385;26;651;978;33;53
386;0;2198;963;25;71
386;63;2364;963;25;76
386;9;2081;966;21;54
386;14;2703;952;25;80
386;5;2576;959;21;50
386;12;2471;957;28;89
386;20;2742;952;21;69
386;19;2891;954;24;75
386;27;2862;959;27;66
386;24;317;959;41;57
386;7;1001;974;24;91
387;0;2198;963;25;69
387;64;2361;964;27;75
387;9;2081;968;23;51
387;14;2703;950;23;82
387;12;2471;959;28;85
387;5;2576;959;19;50
387;19;2891;954;24;78
387;20;2742;954;21;67
387;27;2862;959;24;63
387;24;317;959;41;57
387;29;393;959;32;67
387;7;998;971;27;94
388;65;2360;963;28;78
388;0;2198;963;25;71
388;9;2081;968;23;51
388;14;2703;952;23;78
388;12;2471;959;30;87
388;5;2576;961;18;48
388;19;2891;954;24;78
388;20;2742;954;21;67
388;27;2862;954;22;68
388;24;319;959;39;57
388;29;393;959;35;65
388;7;998;971;27;94
389;0;2198;961;25;73
389;66;2360;965;26;75
389;9;2081;968;23;51
389;14;2703;950;23;82
389;12;2472;957;30;87
389;19;2891;952;24;80
389;5;2574;961;20;48
389;20;2742;954;21;67
389;27;2862;954;19;68
389;24;321;959;37;57
389;29;393;959;35;65
389;7;996;979;29;88
390;0;2198;961;25;73
390;67;2359;965;25;73
390;9;2079;968;25;51
390;14;2703;950;23;82
390;12;2472;957;30;87
390;19;2889;952;26;80
390;27;2859;954;22;68
390;5;2574;961;20;50
390;20;2742;954;21;65
390;24;321;959;37;59
390;29;395;959;34;65
390;7;993;979;32;88
390;26;653;978;31;51
